proj,ver,class,wmc,dit,noc,cbo,rfc,lcom,ca,ce,npm,lcom3,loc,dam,moa,mfa,cam,ic,cbm,amc,max_cc,avg_cc,bug
camel,1.6,org.apache.camel.Exchange,26,1,0,448,26,325,446,4,26,1.04,29,0,0,0,0.157692308,0,0,0,1,1,28
camel,1.6,org.apache.camel.impl.DefaultCamelContext,75,2,1,56,171,2573,15,44,61,0.9306698,1510,1,8,0.164705882,0.069256757,1,1,18.82666667,7,1.36,18
camel,1.6,org.apache.camel.impl.DefaultExchange,42,1,14,28,78,809,16,12,33,0.909756098,498,1,7,0,0.118466899,0,0,10.61904762,4,1.5714,17
camel,1.6,org.apache.camel.util.ExchangeHelper,22,1,0,45,59,231,29,16,21,2,371,0,0,0,0.333333333,0,0,15.86363636,5,1.5,13
camel,1.6,org.apache.camel.builder.DeadLetterChannelBuilder,38,2,0,21,68,627,3,19,38,0.824324324,326,1,7,0.102564103,0.105263158,0,0,7.368421053,2,1.0263,11
camel,1.6,org.apache.camel.component.file.FileConsumer,30,4,0,16,87,297,3,16,17,0.880636605,793,1,1,0.555555556,0.166144201,1,1,25,17,2.7333,11
camel,1.6,org.apache.camel.processor.DeadLetterChannel,29,3,0,28,85,296,9,24,13,0.914835165,713,0.692307692,6,0.413043478,0.167582418,1,1,23.13793103,12,2.1379,11
camel,1.6,org.apache.camel.CamelContext,35,1,0,172,35,595,162,14,35,2,35,0,0,0,0.147619048,0,0,0,1,1,10
camel,1.6,org.apache.camel.component.file.FileEndpoint,59,3,0,24,97,1527,7,21,53,0.944357367,617,0.954545455,3,0.341463415,0.13362069,1,2,9.084745763,11,1.2034,9
camel,1.6,org.apache.camel.processor.TryProcessor,8,2,0,13,33,0,1,12,3,0.464285714,294,1,2,0.7,0.371428571,1,1,35.25,2,0.875,8
camel,1.6,org.apache.camel.builder.RouteBuilder,27,2,6,26,61,105,12,14,22,0.666666667,265,1,1,0.537037037,0.113756614,1,3,8.703703704,4,1.0741,8
camel,1.6,org.apache.camel.processor.interceptor.TraceInterceptor,15,3,0,15,38,37,3,14,10,0.589285714,217,1,4,0.647058824,0.314285714,1,1,13.2,5,1.4,8
camel,1.6,org.apache.camel.processor.MulticastProcessor,18,2,2,20,64,93,7,16,9,0.745098039,377,1,1,0.5,0.2,1,1,19.61111111,3,0.9444,8
camel,1.6,org.apache.camel.processor.BatchProcessor,21,2,2,9,37,116,3,7,12,0.888888889,180,0.777777778,3,0.411764706,0.178571429,1,1,7.142857143,4,1.1905,8
camel,1.6,org.apache.camel.impl.DefaultUnitOfWork,10,1,0,7,24,29,2,5,9,0.911111111,110,1,1,0,0.444444444,0,0,9.5,4,1.6,7
camel,1.6,org.apache.camel.management.InstrumentationLifecycleStrategy,12,1,0,29,61,0,2,28,11,0.454545455,395,1,2,0,0.25,0,0,31.5,9,2,7
camel,1.6,org.apache.camel.impl.ProducerCache,13,2,0,18,42,66,3,15,8,0.541666667,231,1,0,0.56,0.34375,1,1,16.61538462,2,1.0769,7
camel,1.6,org.apache.camel.builder.BuilderSupport,31,1,1,16,59,437,1,15,28,0.855555556,251,1,2,0,0.133995037,0,0,7,2,1,6
camel,1.6,org.apache.camel.processor.Pipeline,12,3,0,15,48,54,4,12,5,0.636363636,239,1,0,0.736842105,0.242424242,0,0,18.83333333,8,1.75,6
camel,1.6,org.apache.camel.impl.DefaultProducerTemplate,53,2,1,24,87,1296,9,19,44,0.684615385,614,1,3,0.215384615,0.240566038,1,1,10.49056604,9,1.2642,5
camel,1.6,org.apache.camel.processor.Splitter,7,3,0,12,35,15,3,10,3,0.944444444,156,0.333333333,1,0.848484848,0.328571429,1,2,20.85714286,3,1.2857,5
camel,1.6,org.apache.camel.processor.SendProcessor,10,2,0,15,29,11,3,12,6,0.666666667,181,1,4,0.666666667,0.355555556,1,1,16.6,3,1.1,5
camel,1.6,org.apache.camel.processor.interceptor.StreamCachingInterceptor,7,3,0,16,27,19,4,12,7,2,105,0,0,0.814814815,0.371428571,0,0,14,4,1.4286,5
camel,1.6,org.apache.camel.impl.DefaultMessage,22,2,13,20,38,181,15,5,17,0.714285714,206,1,0,0.4,0.272727273,1,2,8.272727273,4,1.5,5
camel,1.6,org.apache.camel.impl.DefaultEndpoint,28,1,21,41,49,354,29,12,21,0.851851852,281,1,3,0,0.157142857,1,1,8.857142857,5,1.3214,5
camel,1.6,org.apache.camel.component.bean.BeanProcessor,17,2,0,25,53,104,8,17,13,0.866071429,305,0.714285714,1,0.538461538,0.18125,1,1,16.52941176,2,0.7647,4
camel,1.6,org.apache.camel.impl.DefaultRouteContext,22,1,0,23,53,181,3,21,22,0.871428571,302,1,6,0,0.123376623,0,0,12.27272727,6,1.4091,4
camel,1.6,org.apache.camel.impl.ServiceSupport,15,1,32,37,34,63,34,3,7,0.846938776,239,1,0,0,0.377777778,0,0,14.46666667,5,1.4667,4
camel,1.6,org.apache.camel.builder.ExpressionBuilder,36,1,0,52,81,630,24,34,33,2,342,0,0,0,0.138888889,0,0,8.5,12,1.2778,4
camel,1.6,org.apache.camel.language.simple.FileLanguage,3,2,0,10,21,3,4,6,2,2,106,0,0,0.75,0.666666667,1,3,34.33333333,11,4,4
camel,1.6,org.apache.camel.component.mock.MockEndpoint,67,2,2,29,131,2017,13,26,53,0.882575758,1285,1,2,0.272727273,0.096801347,0,0,17.88059701,6,1.194,4
camel,1.6,org.apache.camel.processor.aggregate.DefaultAggregationCollection,14,2,1,8,35,27,2,6,12,0.673076923,185,1,2,0.56,0.323076923,1,5,11.92857143,7,1.2143,4
camel,1.6,org.apache.camel.component.file.strategy.FileProcessStrategyFactory,2,1,0,8,13,1,0,8,1,2,152,0,0,0,0.5,0,0,75,17,8.5,4
camel,1.6,org.apache.camel.converter.stream.StreamCacheConverter,9,1,0,10,18,28,3,10,7,0.8125,61,1,1,0,0.232142857,0,0,5.555555556,1,0.7778,4
camel,1.6,org.apache.camel.util.MessageHelper,4,1,0,6,13,6,2,4,3,2,77,0,0,0,0.5,0,0,18.25,4,2.75,4
camel,1.6,org.apache.camel.util.ObjectHelper,49,1,0,157,133,1164,153,4,46,0.895833333,1163,1,0,0,0.075231481,0,0,22.71428571,8,3.102,4
camel,1.6,org.apache.camel.component.file.FileComponent,3,3,0,4,8,3,1,4,2,1.5,30,0,0,0.972222222,0.5,1,2,8.333333333,1,0.3333,4
camel,1.6,org.apache.camel.component.bean.BeanInfo,20,1,0,33,96,122,6,27,8,0.726315789,930,1,4,0,0.244019139,0,0,45,9,3.25,4
camel,1.6,org.apache.camel.processor.CatchProcessor,4,3,0,6,14,0,4,2,4,0,52,1,0,0.88,0.4375,0,0,11.75,2,1,4
camel,1.6,org.apache.camel.language.simple.FileExpressionBuilder,10,1,0,11,20,45,1,10,9,2,52,0,0,0,0.15,0,0,4.2,1,0.9,3
camel,1.6,org.apache.camel.processor.RoutingSlip,13,2,0,13,44,54,1,12,4,0.708333333,222,1,1,0.583333333,0.305555556,1,1,15.76923077,3,1.1538,3
camel,1.6,org.apache.camel.processor.interceptor.StreamCaching,3,1,0,6,10,3,1,5,2,2,33,0,0,0,0.416666667,0,0,10,2,1,3
camel,1.6,org.apache.camel.management.InstrumentationInterceptStrategy,2,1,0,6,6,0,1,5,2,0,31,1,0,0,0.625,0,0,14,1,0.5,3
camel,1.6,org.apache.camel.builder.ErrorHandlerBuilderRef,4,2,0,7,17,0,1,6,4,0.5,78,1,1,0.571428571,0.4,0,0,18,2,1,3
camel,1.6,org.apache.camel.spi.UnitOfWork,4,1,0,7,4,6,6,2,4,2,4,0,0,0,0.583333333,0,0,0,1,1,3
camel,1.6,org.apache.camel.util.EndpointHelper,4,1,0,7,16,4,1,6,2,0.333333333,68,1,0,0,0.5,0,0,15.75,1,0.5,3
camel,1.6,org.apache.camel.impl.converter.DefaultTypeConverter,14,1,0,22,63,47,2,20,9,0.756410256,519,1,1,0,0.358974359,0,0,35.64285714,17,3.2143,3
camel,1.6,org.apache.camel.processor.interceptor.Tracer,19,1,0,11,27,143,4,9,19,0.923611111,135,1,3,0,0.169590643,0,0,5.684210526,3,1.0526,3
camel,1.6,org.apache.camel.converter.jaxp.XmlConverter,51,1,0,15,113,1263,11,5,50,0.924,731,0.6,0,0,0.104444444,0,0,13.23529412,2,1,3
camel,1.6,org.apache.camel.management.DefaultInstrumentationAgent,24,2,0,10,84,126,3,8,14,0.879795396,597,0.705882353,0,0.388888889,0.193236715,1,1,23.16666667,8,1.375,3
camel,1.6,org.apache.camel.builder.Builder,11,1,0,4,22,55,1,3,10,2,86,0,0,0,0.181818182,0,0,6.818181818,1,0.9091,3
camel,1.6,org.apache.camel.processor.Delayer,6,4,0,6,17,0,1,5,4,0.4,85,1,1,0.861111111,0.4,1,2,12.83333333,1,0.8333,3
camel,1.6,org.apache.camel.converter.IOConverter,29,1,0,16,72,386,12,5,26,0.821428571,403,1,1,0,0.100649351,0,0,12.82758621,3,1.1034,3
camel,1.6,org.apache.camel.impl.DefaultComponent,24,2,39,56,62,256,41,16,16,0.793478261,308,1,1,0.4,0.316770186,1,1,11.66666667,3,1,3
camel,1.6,org.apache.camel.component.dataset.DataSetConsumer,5,3,0,10,24,0,2,10,1,0.5,119,1,2,0.884615385,0.4375,1,1,22.2,3,1,3
camel,1.6,org.apache.camel.impl.DefaultLifecycleStrategy,6,1,0,9,17,15,2,7,6,2,46,0,0,0,0.333333333,0,0,6.666666667,4,1.3333,2
camel,1.6,org.apache.camel.component.direct.DirectEndpoint,11,2,0,11,17,25,3,11,8,0.766666667,73,1,0,0.75,0.25,0,0,5.363636364,1,0.7273,2
camel,1.6,org.apache.camel.ProducerTemplate,33,1,0,17,33,528,11,6,33,2,33,0,0,0,0.387205387,0,0,0,1,1,2
camel,1.6,org.apache.camel.component.bean.DefaultParameterMappingStrategy,4,1,0,4,10,0,1,3,4,0,39,1,0,0,0.583333333,0,0,8.5,1,0.75,2
camel,1.6,org.apache.camel.spi.InterceptStrategy,1,1,0,14,1,0,13,2,1,2,1,0,0,0,1,0,0,0,1,1,2
camel,1.6,org.apache.camel.processor.Interceptor,7,3,0,8,13,0,3,5,5,0.166666667,41,1,1,0.814814815,0.476190476,1,1,4.714285714,1,0.7143,2
camel,1.6,org.apache.camel.impl.MessageSupport,16,1,1,8,31,112,2,6,12,0.8,150,1,2,0,0.266666667,0,0,8.125,3,1.25,2
camel,1.6,org.apache.camel.Message,22,1,0,182,22,231,182,1,22,2,22,0,0,0,0.25974026,0,0,0,1,1,2
camel,1.6,org.apache.camel.processor.LoggingErrorHandler,13,3,0,9,37,26,1,8,9,0.555555556,226,1,2,0.633333333,0.307692308,1,1,16.15384615,8,1.3846,2
camel,1.6,org.apache.camel.processor.validation.ValidatingProcessor,19,1,1,7,36,137,1,6,16,0.857142857,184,1,1,0,0.157894737,0,0,8.315789474,2,1,2
camel,1.6,org.apache.camel.NoSuchHeaderException,5,5,0,3,13,6,1,2,3,0.916666667,67,1,0,0.826086957,0.36,0,0,11.8,2,1,2
camel,1.6,org.apache.camel.processor.ExchangePatternProcessor,5,1,0,5,8,0,1,4,5,0,39,1,1,0,0.5,0,0,6.6,1,0.6,2
camel,1.6,org.apache.camel.processor.DelegateProcessor,10,2,14,26,19,3,22,4,7,0.111111111,81,1,1,0.636363636,0.5,1,1,7,1,0.8,2
camel,1.6,org.apache.camel.component.dataset.DataSetEndpoint,23,3,0,18,60,191,4,16,18,0.850649351,312,1,1,0.814814815,0.202020202,1,5,12.26086957,2,0.913,2
camel,1.6,org.apache.camel.processor.exceptionpolicy.DefaultExceptionPolicyStrategy,8,1,0,10,33,26,2,9,2,0.714285714,194,1,0,0,0.452380952,0,0,23.125,8,2.25,2
camel,1.6,org.apache.camel.management.InstrumentationErrorHandlerWrappingStrategy,2,1,0,6,6,0,1,5,2,0,22,1,0,0,0.6,0,0,9.5,1,0.5,2
camel,1.6,org.apache.camel.model.language.MethodCallExpression,9,2,0,6,13,30,1,5,8,0.625,59,1,0,0.785714286,0.518518519,1,4,5.333333333,2,0.7778,2
camel,1.6,org.apache.camel.management.CamelNamingStrategy,14,1,0,11,45,23,1,10,11,0.972527473,400,0.142857143,0,0,0.192857143,0,0,26.57142857,2,1,2
camel,1.6,org.apache.camel.processor.HandleFaultProcessor,4,3,0,10,22,4,2,9,4,2,105,0,0,0.88,0.583333333,0,0,25.25,7,2.25,2
camel,1.6,org.apache.camel.processor.FilterProcessor,4,3,0,9,12,0,5,4,4,0,41,1,1,0.88,0.4375,0,0,9,1,0.75,2
camel,1.6,org.apache.camel.processor.TransformProcessor,5,3,0,8,19,0,1,7,4,0.625,61,1,1,0.916666667,0.5,0,0,10.8,1,0.4,2
camel,1.6,org.apache.camel.processor.Resequencer,7,3,0,6,18,21,1,5,4,2,63,0,0,0.894736842,0.30952381,0,0,8,2,0.7143,2
camel,1.6,org.apache.camel.processor.RedeliveryPolicy,38,2,0,11,59,581,7,4,36,0.872972973,406,1,2,0.12195122,0.252252252,0,0,9.421052632,8,1.2895,2
camel,1.6,org.apache.camel.processor.StreamResequencer,15,2,0,11,37,27,2,10,11,0.80952381,145,1,4,0.5,0.183333333,1,1,8.266666667,1,0.9333,2
camel,1.6,org.apache.camel.impl.DefaultHeaderFilterStrategy,17,1,5,13,25,100,11,2,15,0.75,195,1,0,0,0.323529412,0,0,10.11764706,13,2,2
camel,1.6,org.apache.camel.processor.idempotent.IdempotentConsumer,10,2,0,11,24,1,1,10,6,0.638888889,126,1,3,0.636363636,0.277777778,1,1,11.2,2,0.9,2
camel,1.6,org.apache.camel.management.InstrumentationProcessor,9,3,0,12,29,12,3,10,6,0.625,132,1,1,0.785714286,0.3125,0,0,13.44444444,4,1.3333,2
camel,1.6,org.apache.camel.spi.Synchronization,2,1,0,3,2,1,2,1,2,2,2,0,0,0,1,0,0,0,1,1,2
camel,1.6,org.apache.camel.util.ResolverUtil,13,1,2,13,72,14,7,6,7,0.527777778,765,1,0,0,0.296296296,0,0,57.61538462,14,3.4615,2
camel,1.6,org.apache.camel.util.WebSphereResolverUtil,3,2,0,3,11,1,1,2,2,0.5,34,1,0,0.846153846,0.666666667,1,1,10,1,0.6667,2
camel,1.6,org.apache.camel.NoSuchPropertyException,5,5,0,6,13,6,4,2,3,0.916666667,67,1,0,0.826086957,0.36,0,0,11.8,2,1,2
camel,1.6,org.apache.camel.processor.interceptor.Delayer,8,1,0,7,14,10,3,6,8,0.642857143,76,1,0,0,0.270833333,0,0,8.25,3,1,2
camel,1.6,org.apache.camel.language.simple.SimpleLanguage,3,2,0,8,22,3,2,6,2,2,165,0,0,0.75,0.666666667,1,3,54,15,5.3333,1
camel,1.6,org.apache.camel.util.ServiceHelper,8,1,0,25,20,22,22,3,6,0.571428571,176,1,0,0,0.25,0,0,20.875,1,0.75,1
camel,1.6,org.apache.camel.model.loadbalancer.StickyLoadBalanceStrategy,9,3,0,3,15,6,0,3,8,0.4375,82,1,2,0.666666667,0.416666667,1,2,7.888888889,3,0.8889,1
camel,1.6,org.apache.camel.processor.loadbalancer.StickyLoadBalancer,10,4,0,6,27,5,1,5,8,0.527777778,168,1,2,0.75862069,0.25,2,2,15.4,3,1.1,1
camel,1.6,org.apache.camel.model.dataformat.JsonDataFormat,3,3,0,2,4,1,1,1,3,0.5,15,1,0,0.818181818,0.666666667,0,0,3.666666667,1,0.6667,1
camel,1.6,org.apache.camel.builder.NoErrorHandlerBuilder,3,2,0,6,4,3,2,4,3,2,10,0,0,0.666666667,0.555555556,0,0,2.333333333,1,0.6667,1
camel,1.6,org.apache.camel.processor.loadbalancer.RandomLoadBalancer,2,4,0,5,7,1,2,3,1,2,24,0,0,0.956521739,0.666666667,1,1,11,1,0.5,1
camel,1.6,org.apache.camel.CamelExchangeException,4,4,8,13,10,0,11,2,3,0.833333333,39,1,1,0.894736842,0.625,0,0,8.25,1,0.5,1
camel,1.6,org.apache.camel.FailedToCreateProducerException,2,5,0,4,7,0,2,2,2,0,25,1,1,0.944444444,0.666666667,0,0,11,1,0.5,1
camel,1.6,org.apache.camel.model.dataformat.ZipDataFormat,5,3,0,5,7,0,1,4,4,0,34,1,0,0.75,0.533333333,1,1,5.6,1,0.6,1
camel,1.6,org.apache.camel.util.FactoryFinder,16,1,1,11,43,112,7,4,14,0.6,275,1,0,0,0.4875,0,0,16.0625,1,0.875,1
camel,1.6,org.apache.camel.impl.DefaultPollingEndpoint,5,3,4,11,11,10,4,7,1,2,33,0,0,0.965517241,0.44,0,0,5.6,1,0.2,1
camel,1.6,org.apache.camel.ExpectedBodyTypeException,3,5,0,4,10,0,1,3,3,0.5,34,1,1,0.894736842,0.555555556,0,0,9.666666667,1,0.6667,1
camel,1.6,org.apache.camel.model.loadbalancer.TopicLoadBalanceStrategy,2,3,0,4,4,1,0,4,1,2,9,0,0,0.923076923,0.75,1,1,3.5,1,0.5,1
camel,1.6,org.apache.camel.processor.LoopProcessor,5,3,0,9,21,0,1,8,4,0.875,106,0.5,1,0.88,0.4375,0,0,19.4,1,0.6,1
camel,1.6,org.apache.camel.builder.ProcessorBuilder,12,1,0,20,24,66,7,13,11,2,74,0,0,0,0.333333333,0,0,5.166666667,1,0.9167,1
camel,1.6,org.apache.camel.processor.Logger,19,1,1,15,47,81,7,8,18,0.388888889,474,1,2,0,0.315789474,0,0,23.78947368,8,2.1053,1
camel,1.6,org.apache.camel.builder.ValueBuilder,26,1,1,9,47,0,4,5,24,0.08,236,1,1,0,0.258241758,0,0,8.038461538,2,1,1
camel,1.6,org.apache.camel.processor.MarshalProcessor,2,1,0,5,11,0,1,4,2,0,39,1,1,0,0.666666667,0,0,18,1,0.5,1
camel,1.6,org.apache.camel.util.PackageHelper,3,1,0,3,21,1,1,2,1,0.5,88,1,0,0,0.5,0,0,28,5,1.6667,1
camel,1.6,org.apache.camel.model.loadbalancer.LoadBalancerType,13,2,4,14,33,34,6,9,9,0.625,187,1,1,0.166666667,0.230769231,0,0,13.23076923,3,1.1538,1
camel,1.6,org.apache.camel.spi.HeaderFilterStrategy,2,1,0,40,2,1,40,0,2,2,2,0,0,0,1,0,0,0,1,1,1
camel,1.6,org.apache.camel.component.seda.CollectionProducer,3,3,0,6,7,0,1,5,3,0,29,1,0,0.913043478,0.533333333,0,0,8.333333333,1,0.6667,1
camel,1.6,org.apache.camel.processor.DelayPolicy,6,1,1,3,14,3,3,0,6,0.2,55,1,0,0,0.666666667,0,0,8,1,0.8333,1
camel,1.6,org.apache.camel.component.bean.CamelInvocationHandler,2,1,0,12,15,0,2,10,2,0,70,1,3,0,0.571428571,0,0,32.5,1,0.5,1
camel,1.6,org.apache.camel.processor.ErrorHandlerSupport,6,2,2,14,21,5,5,9,4,0.4,96,1,1,0.736842105,0.366666667,0,0,14.66666667,2,1.1667,1
camel,1.6,org.apache.camel.processor.DelayProcessorSupport,11,3,3,9,30,37,3,6,4,0.666666667,127,1,0,0.709677419,0.3,1,1,10.27272727,1,0.8182,1
camel,1.6,org.apache.camel.processor.loadbalancer.TopicLoadBalancer,4,3,0,8,12,6,4,4,3,2,62,0,0,0.863636364,0.5625,0,0,14.5,2,1,1
camel,1.6,org.apache.camel.processor.loadbalancer.LoadBalancerConsumer,3,3,0,5,7,0,1,4,1,0,24,1,1,0.92,0.5,1,1,6.666666667,1,0.6667,1
camel,1.6,org.apache.camel.NoTypeConversionAvailableException,4,5,0,25,11,0,24,1,4,0.5,52,1,0,0.85,0.5,0,0,11.5,2,1,1
camel,1.6,org.apache.camel.model.OutputType,5,3,16,21,15,4,17,4,3,0.75,53,1,0,0.983240223,0.5,1,3,9.2,3,1.2,1
camel,1.6,org.apache.camel.processor.Throttler,11,4,0,5,25,17,2,4,7,0.633333333,108,1,1,0.775,0.327272727,1,2,8.545454545,3,1,1
camel,1.6,org.apache.camel.processor.interceptor.Debugger,14,1,0,14,42,53,2,12,11,0.794871795,213,1,1,0,0.230769231,0,0,13.78571429,3,1.3571,1
camel,1.6,org.apache.camel.processor.ChoiceProcessor,7,2,0,7,26,0,1,6,5,0.166666667,152,1,1,0.7,0.357142857,1,1,20.42857143,4,1.2857,1
camel,1.6,org.apache.camel.EndpointInject,2,1,0,2,2,1,2,0,2,2,2,0,0,0,1,0,0,0,1,1,1
camel,1.6,org.apache.camel.impl.ScheduledPollConsumer,15,3,6,12,33,75,6,6,11,0.821428571,179,1,0,0.657142857,0.205357143,1,1,10.4,3,0.9333,1
camel,1.6,org.apache.camel.component.bean.MethodInfo,27,1,0,16,67,283,5,13,14,0.888888889,410,1,3,0,0.157342657,0,0,13.85185185,7,1.5556,1
camel,1.6,org.apache.camel.processor.UnitOfWorkProcessor,3,3,0,10,15,1,2,9,3,2,54,0,0,0.913043478,0.5,0,0,17,2,1,1
camel,1.6,org.apache.camel.component.dataset.DataSetSupport,15,1,1,7,25,75,1,6,12,0.803571429,139,1,1,0,0.276190476,0,0,8,2,1,1
camel,1.6,org.apache.camel.component.seda.SedaConsumer,6,2,0,11,29,0,2,11,3,0.7,152,1,2,0.777777778,0.466666667,1,2,23.66666667,4,1.1667,1
camel,1.6,org.apache.camel.spi.Registry,2,1,0,22,2,1,22,0,2,2,2,0,0,0,0.833333333,0,0,0,1,1,1
camel,1.6,org.apache.camel.impl.EventDrivenPollingConsumer,12,3,0,12,27,42,2,10,8,0.704545455,124,1,2,0.678571429,0.233766234,1,1,9,2,0.8333,1
camel,1.6,org.apache.camel.builder.ErrorHandlerBuilder,4,1,0,22,4,6,20,3,4,2,4,0,0,0,0.4,0,0,0,1,1,1
camel,1.6,org.apache.camel.impl.DelegateLifecycleStrategy,6,1,1,6,12,0,1,5,6,0,39,1,1,0,0.30952381,0,0,5.333333333,1,0.8333,1
camel,1.6,org.apache.camel.impl.LoggingExceptionHandler,3,1,0,10,8,1,5,5,3,0,26,1,1,0,0.5,0,0,7.333333333,1,0.3333,1
camel,1.6,org.apache.camel.impl.ReportingTypeConverterLoader,6,2,0,5,16,7,1,5,2,0.7,59,1,0,0.636363636,0.36,1,1,8.5,2,0.8333,1
camel,1.6,org.apache.camel.component.bean.XPathAnnotationExpressionFactory,2,2,0,7,9,1,0,7,2,2,48,0,0,0.666666667,0.6,1,1,23,4,2,1
camel,1.6,org.apache.camel.model.loadbalancer.RandomLoadBalanceStrategy,2,3,0,4,4,1,0,4,1,2,9,0,0,0.923076923,0.75,1,1,3.5,1,0.5,1
camel,1.6,org.apache.camel.impl.DefaultLanguageResolver,4,1,0,8,18,2,1,7,2,0.5,131,1,2,0,0.777777778,0,0,31.25,3,1.5,1
camel,1.6,org.apache.camel.AsyncProcessor,1,1,0,34,1,0,31,3,1,2,1,0,0,0,1,0,0,0,1,1,1
camel,1.6,org.apache.camel.util.CollectionHelper,4,1,0,3,20,6,3,0,3,2,133,0,0,0,0.3,0,0,32.25,7,3.25,1
camel,1.6,org.apache.camel.model.dataformat.FlatpackDataFormat,1,3,0,1,2,0,0,1,1,2,5,0,0,1,1,0,0,4,0,0,1
camel,1.6,org.apache.camel.model.loadbalancer.RoundRobinLoadBalanceStrategy,2,3,0,4,4,1,0,4,1,2,9,0,0,0.923076923,0.75,1,1,3.5,1,0.5,1
camel,1.6,org.apache.camel.util.CamelContextHelper,17,1,0,30,51,136,21,9,15,2,289,0,0,0,0.344537815,0,0,16,4,1.4706,1
camel,1.6,org.apache.camel.impl.PollingConsumerSupport,6,2,6,11,14,7,6,5,5,0.6,49,1,2,0.736842105,0.375,0,0,6.833333333,2,1,1
camel,1.6,org.apache.camel.NoSuchBeanException,2,5,0,2,6,0,1,1,2,1,21,1,0,0.944444444,0.75,0,0,8.5,1,0.5,1
camel,1.6,org.apache.camel.processor.DelegateAsyncProcessor,9,2,1,7,18,0,1,6,7,0.25,66,1,1,0.666666667,0.388888889,1,1,6.222222222,1,0.7778,1
camel,1.6,org.apache.camel.model.ProcessorType,166,2,14,118,322,13617,67,76,157,0.893602694,2077,0.888888889,3,0.068181818,0.056277056,0,0,11.45783133,6,1.1506,1
camel,1.6,org.apache.camel.impl.DefaultScheduledPollConsumer,5,4,0,8,19,4,1,7,2,0.5,63,1,1,0.921052632,0.4,2,4,11.4,1,0.6,1
camel,1.6,org.apache.camel.impl.JndiRegistry,9,1,0,3,18,30,1,2,8,0.375,79,1,0,0,0.355555556,0,0,7.666666667,1,0.7778,1
camel,1.6,org.apache.camel.processor.Aggregator,4,3,0,9,12,6,1,8,4,1,44,1,1,0.971428571,0.541666667,0,0,9.75,1,0.25,1
camel,1.6,org.apache.camel.model.dataformat.CsvDataFormat,1,3,0,2,2,0,1,1,1,2,5,0,0,1,1,0,0,4,0,0,1
camel,1.6,org.apache.camel.converter.ObjectConverter,15,1,0,8,42,105,7,1,14,2,214,0,0,0,0.2,0,0,13.26666667,4,2.4667,1
camel,1.6,org.apache.camel.AsyncCallback,1,1,0,56,1,0,56,0,1,2,1,0,0,0,1,0,0,0,1,1,1
camel,1.6,org.apache.camel.InvalidPayloadException,3,5,0,5,12,1,1,4,3,0,38,1,0,0.95,0.666666667,0,0,11.33333333,1,0.3333,1
camel,1.6,org.apache.camel.model.ProceedType,3,4,0,7,5,3,4,3,3,2,12,0,0,0.988950276,0.666666667,1,2,3,1,0.6667,1
camel,1.6,org.apache.camel.RuntimeExchangeException,3,5,1,5,10,0,3,2,3,0.75,33,1,1,0.944444444,0.583333333,0,0,9.333333333,1,0.3333,1
camel,1.6,org.apache.camel.ResolveEndpointFailedException,3,5,0,5,9,0,4,1,3,0,44,1,0,0.944444444,0.666666667,0,0,13.33333333,1,0.3333,1
camel,1.6,org.apache.camel.model.dataformat.HL7DataFormat,1,3,0,2,2,0,1,1,1,2,5,0,0,1,1,0,0,4,0,0,1
camel,1.6,org.apache.camel.builder.ExpressionClause,45,2,0,13,73,878,5,8,45,0.5,351,1,0,0.333333333,0.261111111,1,2,6.755555556,1,0.9778,1
camel,1.6,org.apache.camel.impl.DefaultConsumer,10,2,19,29,22,17,20,9,7,0.777777778,99,1,4,0.608695652,0.28,1,1,8.5,2,1.2,1
camel,1.6,org.apache.camel.view.ModelFileGenerator,7,1,0,8,38,19,3,5,2,0.888888889,185,1,0,0,0.253968254,0,0,25,3,1.2857,1
camel,1.6,org.apache.camel.spi.RouteContext,20,1,0,80,20,190,75,10,20,2,20,0,0,0,0.16,0,0,0,1,1,1
camel,1.6,org.apache.camel.processor.validation.DefaultValidationErrorHandler,9,1,0,8,22,0,2,6,8,0.46875,149,1,0,0,0.333333333,0,0,15.11111111,3,1,1
camel,1.6,org.apache.camel.builder.DataFormatClause,20,1,0,16,45,188,1,16,19,0.052631579,184,1,2,0,0.172222222,0,0,8.1,4,1.1,1
camel,1.6,org.apache.camel.model.InterceptType,13,4,0,15,44,62,4,12,12,0.722222222,264,1,1,0.937172775,0.192307692,1,2,19.07692308,11,1.8462,1
camel,1.6,org.apache.camel.util.IOHelper,3,1,0,2,7,3,2,0,2,2,22,0,0,0,0.444444444,0,0,6.333333333,1,0.6667,1
camel,1.6,org.apache.camel.NoSuchEndpointException,2,5,0,8,6,0,7,1,2,1,23,1,0,0.944444444,0.75,0,0,9.5,1,0.5,1
camel,1.6,org.apache.camel.InvalidPayloadRuntimeException,2,6,0,4,10,0,0,4,2,0,27,1,0,0.947368421,0.666666667,0,0,12,1,0.5,1
camel,1.6,org.apache.camel.CamelContextAware,1,1,0,10,1,0,9,1,1,2,1,0,0,0,1,0,0,0,1,1,1
camel,1.6,org.apache.camel.builder.ErrorHandlerBuilderSupport,5,1,5,8,14,0,5,3,4,0,48,1,0,0,0.4,0,0,8.4,2,1,1
camel,1.6,org.apache.camel.processor.UnmarshalProcessor,2,1,0,6,10,0,1,5,2,0,44,1,1,0,0.666666667,0,0,20.5,1,0.5,1
camel,1.6,org.apache.camel.model.dataformat.XStreamDataFormat,3,3,0,2,4,1,1,1,3,0.5,15,1,0,0.818181818,0.666666667,0,0,3.666666667,1,0.6667,1
camel,1.6,org.apache.camel.model.dataformat.JaxbDataFormat,9,3,0,4,14,26,1,3,8,0.708333333,91,1,0,0.5625,0.311111111,1,2,8.777777778,5,1.2222,1
camel,1.6,org.apache.camel.component.log.LogFormatter,20,1,0,7,39,132,1,6,18,0.881578947,363,1,0,0,0.3875,0,0,16.75,30,2.55,1
camel,1.6,org.apache.camel.Routes,3,1,0,7,3,3,7,1,3,2,3,0,0,0,0.666666667,0,0,0,1,1,1
camel,1.6,org.apache.camel.builder.xml.XPathBuilder,49,1,0,20,93,1044,8,17,42,0.915277778,620,1,3,0,0.128728414,0,0,11.34693878,6,1.4082,1
camel,1.6,org.apache.camel.processor.validation.ValidatorErrorHandler,2,1,0,4,2,1,2,2,2,2,2,0,0,0,0.625,0,0,0,1,1,1
camel,1.6,org.apache.camel.builder.LoggingErrorHandlerBuilder,11,2,0,10,15,0,1,9,11,0.3,104,1,1,0.333333333,0.363636364,0,0,8.272727273,1,0.7273,1
camel,1.6,org.apache.camel.impl.converter.AnnotationTypeConverterLoader,10,1,2,15,69,19,4,11,3,0.75,415,0.75,1,0,0.271604938,0,0,40.1,10,2.1,1
camel,1.6,org.apache.camel.util.UuidGenerator,7,1,0,11,25,11,9,2,6,0.75,166,1,0,0,0.5,0,0,21.85714286,1,0.5714,1
camel,1.6,org.apache.camel.util.jndi.CamelInitialContextFactory,2,1,0,1,7,1,0,1,2,2,26,0,0,0,0.75,0,0,12,1,0.5,1
camel,1.6,org.apache.camel.Endpoint,14,1,0,179,14,91,174,7,14,2,14,0,0,0,0.238095238,0,0,0,1,1,1
camel,1.6,org.apache.camel.ExchangeProperty,15,1,0,5,32,33,3,2,14,0.595238095,210,1,0,0,0.226190476,0,0,12.6,3,1.1333,1
camel,1.6,org.apache.camel.util.CollectionStringBuffer,6,1,0,6,11,0,6,0,6,0.4,57,1,0,0,0.5,0,0,8,2,0.8333,1
camel,1.6,org.apache.camel.model.dataformat.DataFormatType,10,2,12,24,27,31,19,6,6,0.666666667,162,1,1,0.222222222,0.266666667,0,0,15,4,1.3,1
camel,1.6,org.apache.camel.converter.jaxp.BytesSource,6,2,0,4,15,0,3,1,6,0,58,1,0,0.692307692,0.5,0,0,8.5,1,0.6667,1
camel,1.6,org.apache.camel.util.URISupport,15,1,0,6,59,105,6,1,13,2,519,0,0,0,0.28,0,0,33.6,5,1.5333,1
camel,1.6,org.apache.camel.processor.loadbalancer.RoundRobinLoadBalancer,2,4,0,7,5,0,4,3,1,0,30,1,0,0.956521739,0.666666667,1,1,13.5,2,1,1
camel,1.6,org.apache.camel.processor.ProceedProcessor,3,1,0,4,9,0,1,3,3,0,27,1,1,0,0.555555556,0,0,7.666666667,1,0.6667,1
camel,1.6,org.apache.camel.util.concurrent.CountingLatch,6,1,0,4,13,0,3,2,6,0,46,1,1,0,0.444444444,0,0,6.5,1,0.8333,1
camel,1.6,org.apache.camel.component.cxf.CxfComponent,5,3,0,7,10,0,1,7,4,0.25,43,1,1,0.921052632,0.36,1,2,7.4,1,0.6,0
camel,1.6,org.apache.camel.impl.DefaultExchangeFormatter,4,1,0,3,5,4,1,2,3,0.666666667,17,1,1,0,0.5,0,0,3,1,0.5,0
camel,1.6,org.apache.camel.component.jetty.JettyHttpComponent,20,4,0,26,95,144,2,26,13,0.842105263,433,1,0,0.727272727,0.197368421,4,5,20.3,3,1,0
camel,1.6,org.apache.camel.component.file.FileProcessStrategy,3,1,0,6,3,3,5,2,3,2,3,0,0,0,1,0,0,0,1,1,0
camel,1.6,org.apache.camel.component.restlet.RestletConstants,1,1,0,0,2,0,0,0,0,2,9,0,0,0,1,0,0,3,0,0,0
camel,1.6,org.apache.camel.RecipientList,0,1,0,0,0,0,0,0,0,2,0,0,0,0,0,0,0,0,0,0,0
camel,1.6,org.apache.camel.language.groovy.CamelGroovyMethods,4,1,0,7,8,6,0,7,3,2,22,0,0,0,0.375,0,0,4.5,1,0.75,0
camel,1.6,org.apache.camel.component.file.remote.RemoteFileComponent,10,3,0,10,33,25,3,10,7,0.222222222,165,1,1,0.833333333,0.3,2,3,15.4,3,0.9,0
camel,1.6,org.apache.camel.component.jmx.JMXEndpoint,23,2,0,13,49,201,2,13,21,0.918181818,266,1,0,0.545454545,0.176767677,1,1,10.13043478,1,0.8696,0
camel,1.6,org.apache.camel.component.file.remote.SftpEndpoint,8,4,0,18,33,22,4,18,7,0.142857143,141,1,0,0.872340426,0.3125,0,0,16.5,1,0.75,0
camel,1.6,org.apache.camel.component.bean.DefaultAnnotationExpressionFactory,3,1,2,8,16,3,2,6,2,2,96,0,0,0,0.533333333,0,0,31,3,1.6667,0
camel,1.6,org.apache.camel.view.XmlGraphGenerator,8,2,0,7,33,26,0,7,1,0.571428571,415,1,0,0.588235294,0.390625,1,1,50.75,8,3.625,0
camel,1.6,org.apache.camel.impl.converter.AsyncProcessorTypeConverter,4,1,0,17,8,6,11,6,4,2,53,0,0,0,0.45,0,0,12.25,5,2,0
camel,1.6,org.apache.camel.component.irc.IrcBinding,2,1,0,3,5,1,3,2,2,2,17,0,0,0,0.666666667,0,0,7.5,2,1,0
camel,1.6,org.apache.camel.bam.processor.ProcessContext,14,1,0,6,18,61,2,5,14,0.830769231,81,1,5,0,0.297619048,0,0,4.428571429,1,0.9286,0
camel,1.6,org.apache.camel.processor.resequencer.ResequencerEngine,16,1,0,8,36,62,2,6,11,0.72,184,1,3,0,0.229166667,0,0,10.1875,4,1.3125,0
camel,1.6,org.apache.camel.RuntimeCamelException,4,4,17,66,8,6,66,0,4,1.333333333,21,1,0,1,0.666666667,0,0,4,0,0,0
camel,1.6,org.apache.camel.processor.resequencer.Element,6,1,0,4,10,1,2,2,6,0.6,50,1,1,0,0.5,0,0,7,2,1.1667,0
camel,1.6,org.apache.camel.impl.converter.ArrayTypeConverter,3,1,0,3,20,3,1,2,3,2,127,0,0,0,0.666666667,0,0,41.33333333,13,4.6667,0
camel,1.6,org.apache.camel.component.xquery.XQuery,2,1,0,2,2,1,1,1,2,2,2,0,0,0,1,0,0,0,1,1,0
camel,1.6,org.apache.camel.component.mina.MinaPayloadHelper,5,1,0,6,15,10,3,4,4,2,60,0,0,0,0.45,0,0,11,2,1.6,0
camel,1.6,org.apache.camel.scala.dsl.languages.El,3,1,0,5,3,3,2,4,3,2,3,0,0,0,0.777777778,0,0,0,1,1,0
camel,1.6,org.apache.camel.component.cxf.CxfSoapConsumer,7,1,0,32,61,0,3,32,3,0.633333333,204,1,2,0,0.416666667,0,0,27.42857143,1,0.7143,0
camel,1.6,org.apache.camel.converter.xmlbeans.XmlBeansDataFormat,3,1,0,5,7,3,0,5,3,2,19,0,0,0,0.533333333,0,0,5.333333333,1,0.6667,0
camel,1.6,org.apache.camel.component.file.FileProducer,11,3,0,14,63,7,1,14,5,0.35,416,1,1,0.7,0.25,0,0,36.63636364,11,1.8182,0
camel,1.6,org.apache.camel.component.jhc.AsyncHttpRequestHandler,1,1,0,9,1,0,4,5,1,2,1,0,0,0,1,0,0,0,1,1,0
camel,1.6,org.apache.camel.model.ExpressionNode,12,3,13,22,24,30,15,8,10,0.5,114,1,1,0.956521739,0.226190476,1,3,8.333333333,2,0.8333,0
camel,1.6,org.apache.camel.model.ChoiceType,14,3,0,21,43,59,9,13,13,0.641025641,208,1,1,0.936170213,0.261538462,1,3,13.64285714,3,1.1429,0
camel,1.6,org.apache.camel.component.xquery.XQueryComponent,3,4,0,8,15,3,0,8,1,2,49,0,0,0.95,0.666666667,2,2,15.33333333,1,0.6667,0
camel,1.6,org.apache.camel.processor.idempotent.MessageIdRepository,1,1,0,7,1,0,7,0,1,2,1,0,0,0,1,0,0,0,1,1,0
camel,1.6,org.apache.camel.spring.handler.LazyLoadingBeanDefinitionParser,2,1,1,3,10,0,1,2,1,0,44,1,0,0.857142857,0.75,1,1,20,2,1,0
camel,1.6,org.apache.camel.component.cxf.invoker.CxfClient,6,0,0,21,54,9,2,19,3,0.4,309,1,0,0,0.457142857,0,0,50.33333333,4,1.6667,0
camel,1.6,org.apache.camel.component.cxf.transport.spring.CamelConduitDefinitionParser,1,1,0,2,3,0,1,1,1,2,7,0,0,1,1,0,0,6,0,0,0
camel,1.6,org.apache.camel.scala.dsl.SRouteType,7,2,0,8,8,15,2,8,7,0.722222222,45,1,3,0.846153846,0.357142857,1,20,5,1,0.8571,0
camel,1.6,org.apache.camel.processor.ConvertBodyProcessor,3,1,0,9,18,0,2,7,2,0.5,61,1,0,0,0.666666667,0,0,18.66666667,1,0.3333,0
camel,1.6,org.apache.camel.component.bean.RegistryBean,15,1,1,15,29,45,4,11,12,0.714285714,171,1,5,0,0.35,0,0,9.933333333,3,1.2,0
camel,1.6,org.apache.camel.language.Constant,1,1,0,0,1,0,0,0,1,2,1,0,0,0,1,0,0,0,1,1,0
camel,1.6,org.apache.camel.component.mail.MailProducer,5,3,0,9,9,4,2,9,2,0.75,36,1,1,0.875,0.3,0,0,5.6,1,0.6,0
camel,1.6,org.apache.camel.component.cxf.util.NullDestinationFactory,4,1,0,7,17,6,1,6,4,2,39,0,0,0,0.625,0,0,8.75,1,0.75,0
camel,1.6,org.apache.camel.component.cxf.CxfSoapComponent,5,3,0,10,18,8,0,10,3,0.25,62,1,1,0.897435897,0.4,1,3,11.2,1,0.8,0
camel,1.6,org.apache.camel.dataformat.hl7.HL7Converter,3,1,0,6,8,3,2,4,2,2,31,0,0,0,0.333333333,0,0,9.333333333,1,0.6667,0
camel,1.6,org.apache.camel.model.TryType,14,4,0,11,37,73,3,9,13,0.634615385,236,1,1,0.932291667,0.257142857,1,16,15.57142857,6,1.5,0
camel,1.6,org.apache.camel.model.language.NamespaceAwareExpression,7,2,2,7,10,15,2,5,4,0.333333333,44,1,0,0.814814815,0.285714286,0,0,5.142857143,3,1,0
camel,1.6,org.apache.camel.component.jpa.JpaProducer,3,3,0,8,9,0,2,8,2,0.5,44,1,3,0.913043478,0.4,0,0,12.66666667,2,1,0
camel,1.6,org.apache.camel.component.stream.StreamMessage,4,3,0,1,6,0,0,1,3,0,21,1,0,0.921052632,0.625,2,2,4,1,0.75,0
camel,1.6,org.apache.camel.component.mail.MailConfiguration,50,1,0,8,84,1011,5,4,48,0.947648625,726,0.869565217,0,0,0.1825,0,0,13.06,9,1.5,0
camel,1.6,org.apache.camel.util.ExpressionListComparator,3,1,0,4,9,1,1,3,3,0,47,1,0,0,0.5,0,0,14.33333333,2,1,0
camel,1.6,org.apache.camel.component.jms.JmsTemporaryQueueEndpoint,6,4,0,5,10,15,1,5,5,1,43,1,0,0.950819672,0.444444444,0,0,6,1,0.5,0
camel,1.6,org.apache.camel.model.language.PhpExpression,3,2,0,1,5,3,0,1,3,2,12,0,0,0.956521739,0.666666667,1,2,3,1,0.3333,0
camel,1.6,org.apache.camel.spi.LanguageResolver,1,1,0,7,1,0,5,2,1,2,1,0,0,0,1,0,0,0,1,1,0
camel,1.6,org.apache.camel.util.IntrospectionSupport,20,1,0,20,98,178,15,5,12,0.631578947,880,1,0,0,0.276315789,0,0,42.95,15,2.85,0
camel,1.6,org.apache.camel.component.mina.MinaHelper,2,1,0,6,7,1,2,4,1,2,21,0,0,0,0.5,0,0,9.5,1,0.5,0
camel,1.6,org.apache.camel.TypeConverter,2,1,0,38,2,1,37,1,2,2,2,0,0,0,0.875,0,0,0,1,1,0
camel,1.6,org.apache.camel.impl.converter.StaticMethodTypeConverter,4,1,0,4,11,0,1,3,4,0.166666667,67,1,0,0,0.5,0,0,15.25,2,1,0
camel,1.6,org.apache.camel.component.dataset.DataSet,4,1,0,6,4,6,5,2,4,1.333333333,5,0,0,0,0.5625,0,0,0,1,1,0
camel,1.6,org.apache.camel.util.ReflectionInjector,2,1,0,4,4,1,2,2,2,2,8,0,0,0,0.75,0,0,3,1,0.5,0
camel,1.6,org.apache.camel.component.atom.AtomPollingConsumer,2,5,1,9,9,1,2,8,1,2,26,0,0,0.972222222,0.666666667,1,1,12,1,0.5,0
camel,1.6,org.apache.camel.bam.processor.JpaBamProcessorSupport,21,2,1,15,52,142,1,14,12,0.828571429,292,1,1,0.333333333,0.2,1,2,12.57142857,3,1,0
camel,1.6,org.apache.camel.component.dataset.DataSetComponent,2,3,0,7,6,1,0,7,1,2,19,0,0,0.972222222,0.666666667,1,1,8.5,1,0.5,0
camel,1.6,org.apache.camel.builder.xml.DomResultHandlerFactory,2,1,0,4,4,1,1,3,2,2,9,0,0,0,1,0,0,3.5,1,0.5,0
camel,1.6,org.apache.camel.component.bean.MethodInfoCache,8,1,0,7,15,22,3,4,4,0.619047619,100,1,1,0,0.354166667,0,0,11.125,2,0.875,0
camel,1.6,org.apache.camel.component.quartz.QuartzMessage,3,3,0,10,25,0,1,10,2,0,136,1,0,0.945945946,0.5,1,1,44,2,1,0
camel,1.6,org.apache.camel.component.mina.MinaExchange,4,2,0,7,6,0,2,5,4,0,30,1,0,0.95,0.45,1,1,6.25,1,0.5,0
camel,1.6,org.apache.camel.component.jpa.DefaultTransactionStrategy,6,2,0,4,15,7,0,4,4,0.3,71,1,0,0.777777778,0.375,1,1,10.5,2,1,0
camel,1.6,org.apache.camel.language.simple.AbstractSimpleLanguage,7,1,2,7,23,21,2,5,3,2,133,0,0,0,0.666666667,0,0,18,5,1.8571,0
camel,1.6,org.apache.camel.language.Simple,1,1,0,0,1,0,0,0,1,2,1,0,0,0,1,0,0,0,1,1,0
camel,1.6,org.apache.camel.impl.DefaultComponentResolver,3,1,0,10,22,1,1,9,2,0.5,141,1,1,0,0.666666667,0,0,45.33333333,6,2,0
camel,1.6,org.apache.camel.management.JmxSystemPropertyKeys,1,1,0,0,2,0,0,0,0,2,12,0,0,0,1,0,0,3,0,0,0
camel,1.6,org.apache.camel.processor.aggregate.AggregationStrategy,1,1,0,16,1,0,15,1,1,2,1,0,0,0,1,0,0,0,1,1,0
camel,1.6,org.apache.camel.model.ResequencerType,26,3,0,14,61,235,4,11,23,0.712,303,1,2,0.88,0.188034188,1,3,10.46153846,4,1.1923,0
camel,1.6,org.apache.camel.model.language.JavaScriptExpression,3,2,0,1,5,3,0,1,3,2,12,0,0,0.956521739,0.666666667,1,2,3,1,0.3333,0
camel,1.6,org.apache.camel.component.xmpp.XmppPrivateChatProducer,6,3,0,16,31,7,2,16,3,0.733333333,108,1,1,0.84,0.4,1,1,16.5,3,1,0
camel,1.6,org.apache.camel.model.MarshalType,10,4,0,7,17,13,1,6,10,0.555555556,82,1,1,0.962365591,0.375,1,1,7,2,0.8,0
camel,1.6,org.apache.camel.spring.package-info,0,1,0,0,0,0,0,0,0,2,0,0,0,0,0,0,0,0,0,0,0
camel,1.6,org.apache.camel.component.ResourceBasedEndpoint,9,5,3,12,25,0,3,9,8,0.6875,202,1,0,0.833333333,0.296296296,0,0,20.77777778,4,1.1111,0
camel,1.6,org.apache.camel.converter.jaxb.JaxbDataFormat,18,1,0,3,27,97,0,3,17,0.774509804,165,1,0,0,0.172222222,0,0,7.833333333,1,0.8333,0
camel,1.6,org.apache.camel.component.jcr.JcrProducer,6,3,0,7,34,15,1,7,2,2,138,0,0,0.807692308,0.416666667,0,0,22,2,1,0
camel,1.6,org.apache.camel.converter.jaxb.StringHeader,6,2,0,2,9,9,1,1,6,0.2,41,1,0,0.5,0.5,0,0,5.666666667,2,0.8333,0
camel,1.6,org.apache.camel.component.cxf.interceptors.PayloadContentRedirectInterceptor,2,0,0,5,10,1,1,4,2,2,58,0,0,0,0.75,0,0,28,1,0.5,0
camel,1.6,org.apache.camel.bam.TimeExpression,10,1,2,9,18,9,4,7,10,0.666666667,86,1,3,0,0.285714286,0,0,7.3,3,1.2,0
camel,1.6,org.apache.camel.component.log.LogComponent,3,3,0,12,17,3,0,12,1,2,67,0,0,0.945945946,0.666666667,1,3,21.33333333,1,0.6667,0
camel,1.6,org.apache.camel.spring.spi.SpringInjector,6,1,0,4,10,0,1,3,6,0.6,46,1,0,0,0.333333333,0,0,6.166666667,1,0.8333,0
camel,1.6,org.apache.camel.model.dataformat.XMLBeansDataFormat,3,3,0,2,4,1,1,1,3,0.5,15,1,0,0.818181818,0.666666667,0,0,3.666666667,1,0.6667,0
camel,1.6,org.apache.camel.processor.aggregate.AggregationCollection,9,1,0,7,9,36,4,3,9,2,9,0,0,0,0.311111111,0,0,0,1,1,0
camel,1.6,org.apache.camel.component.jms.JmsConfiguration,120,1,0,38,200,6646,14,28,113,0.973345588,1370,0.9375,2,0,0.081822203,0,0,9.883333333,33,1.5417,0
camel,1.6,org.apache.camel.component.file.FileMessage,11,3,0,4,15,35,1,4,10,0.2,62,1,0,0.795454545,0.590909091,2,5,4.545454545,1,0.8182,0
camel,1.6,org.apache.camel.component.timer.TimerEndpoint,20,2,0,8,30,144,2,8,20,0.879699248,148,1,0,0.585365854,0.20625,0,0,6.05,2,0.95,0
camel,1.6,org.apache.camel.scala.dsl.SThrottlerType,15,2,0,8,17,99,3,7,15,0.761904762,89,1,3,0.70212766,0.253333333,1,20,4.733333333,1,0.9333,0
camel,1.6,org.apache.camel.component.jpa.JpaComponent,5,3,0,6,9,8,1,6,4,0.75,36,1,0,0.897435897,0.4,1,1,6,1,0.8,0
camel,1.6,org.apache.camel.scala.dsl.ScalaExpression,4,1,0,6,7,4,1,5,4,0.333333333,22,1,0,0,0.5,0,0,4.25,1,0.75,0
camel,1.6,org.apache.camel.model.dataformat.ArtixDSContentType,4,2,0,3,7,4,2,1,2,0.962962963,111,0.111111111,9,0.857142857,0.444444444,1,1,24.5,1,0.5,0
camel,1.6,org.apache.camel.ExchangePattern,10,2,0,73,24,41,72,2,8,0.977777778,259,0.2,9,0.6,0.37037037,1,1,23.9,4,1.8,0
camel,1.6,org.apache.camel.component.cxf.CxfSoapEndpoint,29,1,0,18,57,314,3,17,27,0.920634921,201,1,2,0,0.144827586,0,0,5.620689655,2,0.9655,0
camel,1.6,org.apache.camel.component.cxf.spring.CxfEndpointBean,4,0,1,7,7,4,5,2,4,0.666666667,24,1,0,0,0.5,0,0,4.75,1,0.5,0
camel,1.6,org.apache.camel.processor.loadbalancer.LoadBalancerSupport,6,2,2,6,12,0,2,4,4,0,38,1,0,0.736842105,0.666666667,1,1,5.166666667,1,0.8333,0
camel,1.6,org.apache.camel.component.jmx.JMXComponent,5,3,0,4,10,8,1,4,4,0.5,36,1,0,0.921052632,0.36,1,2,6,1,0.6,0
camel,1.6,org.apache.camel.builder.BinaryPredicateSupport,9,1,7,11,17,24,7,4,5,0.375,125,1,2,0,0.444444444,0,0,12.66666667,2,1,0
camel,1.6,org.apache.camel.processor.aggregate.UseLatestAggregationStrategy,3,1,0,6,6,3,4,2,2,2,23,0,0,0,0.833333333,0,0,6.666666667,2,1,0
camel,1.6,org.apache.camel.component.mock.AssertionClause,11,1,2,10,28,49,4,8,9,0.6,118,1,0,0,0.25974026,0,0,9.636363636,2,1,0
camel,1.6,org.apache.camel.component.cxf.util.UriUtils,3,1,0,2,15,3,1,1,0,2,63,0,0,0,0.5,0,0,20,1,0.6667,0
camel,1.6,org.apache.camel.builder.xml.ResultHandler,2,1,0,9,2,1,8,1,2,2,2,0,0,0,0.75,0,0,0,1,1,0
camel,1.6,org.apache.camel.component.jhc.AsyncResponseHandler,1,1,0,7,1,0,5,2,1,2,1,0,0,0,1,0,0,0,1,1,0
camel,1.6,org.apache.camel.scala.dsl.DSL,20,1,0,16,20,190,3,14,20,2,20,0,0,0,0.225,0,0,0,1,1,0
camel,1.6,org.apache.camel.component.cxf.transport.spring.CamelDestinationDefinitionParser,1,1,0,2,3,0,1,1,1,2,7,0,0,1,1,0,0,6,0,0,0
camel,1.6,org.apache.camel.component.bean.ConstantBeanHolder,7,1,0,11,14,11,4,7,7,0.444444444,66,1,2,0,0.4,0,0,8,1,0.5714,0
camel,1.6,org.apache.camel.impl.DefaultProducer,8,2,27,32,16,0,27,5,6,0.285714286,47,1,1,0.666666667,0.34375,1,1,4.75,1,0.875,0
camel,1.6,org.apache.camel.component.restlet.RestletBinding,4,1,0,8,4,6,5,3,4,2,4,0,0,0,0.75,0,0,0,1,1,0
camel,1.6,org.apache.camel.component.file.strategy.FileExpressionRenamer,5,1,0,7,17,2,1,6,4,0.625,68,1,1,0,0.4375,0,0,12.2,5,1.4,0
camel,1.6,org.apache.camel.model.RouteType,27,3,0,32,60,245,19,16,24,0.835164835,345,1,1,0.884422111,0.169230769,1,6,11.51851852,3,1.0741,0
camel,1.6,org.apache.camel.component.jms.CamelMessageListener,10,1,0,11,18,21,0,11,9,0.555555556,97,1,4,0,0.211111111,0,0,8.3,1,0.9,0
camel,1.6,org.apache.camel.component.xmpp.XmppEndpoint,39,2,0,24,76,641,4,24,37,0.904135338,453,1,1,0.4,0.155263158,1,1,10.25641026,2,0.9744,0
camel,1.6,org.apache.camel.component.spring.integration.adapter.config.AbstractCamelContextBeanDefinitionParaser,7,0,2,11,31,21,2,9,1,1.166666667,163,1,0,0,0.6,0,0,22.14285714,5,2.4286,0
camel,1.6,org.apache.camel.component.restlet.RestletEndpoint,16,2,0,14,33,102,4,13,16,0.966666667,144,1,1,0.615384615,0.1953125,0,0,7.375,1,0.9375,0
camel,1.6,org.apache.camel.component.jhc.JhcHeaderFilterStrategy,2,2,0,3,7,1,2,1,1,2,29,0,0,0.941176471,1,0,0,13.5,1,0.5,0
camel,1.6,org.apache.camel.bam.ActivityLifecycle,4,2,0,5,7,4,4,1,2,0.888888889,45,0.333333333,3,0.857142857,0.444444444,1,1,9.5,1,0.5,0
camel,1.6,org.apache.camel.component.cxf.util.Dummy,0,1,0,0,0,0,0,0,0,2,0,0,0,0,0,0,0,0,0,0,0
camel,1.6,org.apache.camel.component.cxf.transport.spring.AbstractCamelContextBeanDefinitionParser,4,0,2,10,20,6,2,8,1,1.333333333,85,1,0,0,0.5,0,0,20,5,2,0
camel,1.6,org.apache.camel.component.xmpp.XmppGroupChatProducer,8,3,0,15,36,0,1,15,5,0.642857143,135,1,1,0.777777778,0.357142857,1,1,15.375,2,0.875,0
camel,1.6,org.apache.camel.spring.util.SimpleRouteBuilder,18,3,0,4,35,111,0,4,16,0.81372549,200,1,0,0.76056338,0.311111111,1,2,9.777777778,5,1.2778,0
camel,1.6,org.apache.camel.component.jpa.Consumed,0,1,0,0,0,0,0,0,0,2,0,0,0,0,0,0,0,0,0,0,0
camel,1.6,org.apache.camel.component.jms.JmsExchange,21,2,0,14,25,198,8,7,16,0.8,119,1,1,0.678571429,0.217687075,1,3,4.619047619,1,0.8571,0
camel,1.6,org.apache.camel.converter.jaxp.DomConverter,4,1,0,0,14,6,0,0,1,2,79,0,0,0,0.375,0,0,18.75,5,2,0
camel,1.6,org.apache.camel.component.stream.StreamComponent,2,3,0,4,4,1,0,4,1,2,11,0,0,0.972222222,0.666666667,1,1,4.5,1,0.5,0
camel,1.6,org.apache.camel.component.spring.integration.SpringIntegrationComponent,3,3,0,3,5,3,1,3,1,2,25,0,0,0.945945946,0.777777778,1,2,7.333333333,1,0.6667,0
camel,1.6,org.apache.camel.component.cxf.CxfConstants,0,1,0,0,0,0,0,0,0,2,19,0,0,0,0,0,0,0,0,0,0
camel,1.6,org.apache.camel.impl.ProcessorPollingConsumer,6,3,0,7,13,3,1,6,4,0,46,1,1,0.791666667,0.375,1,1,6.5,1,0.8333,0
camel,1.6,org.apache.camel.scala.dsl.SSplitterType,6,2,0,7,5,9,3,6,6,0.666666667,36,1,3,0.868421053,0.444444444,1,20,4.5,1,0.8333,0
camel,1.6,org.apache.camel.dataformat.xstream.XStreamDataFormat,6,2,0,9,19,15,0,9,4,2,90,0,0,0.692307692,0.25,1,2,14,2,1,0
camel,1.6,org.apache.camel.builder.ConstantProcessorBuilder,2,1,0,3,3,0,1,2,2,0,12,1,1,0,0.75,0,0,4.5,1,0.5,0
camel,1.6,org.apache.camel.component.restlet.RestletHeaderFilterStrategy,1,2,0,2,4,0,1,1,1,2,14,0,0,1,1,0,0,13,0,0,0
camel,1.6,org.apache.camel.spring.spi.TransactionInterceptor,15,3,0,14,35,57,4,11,10,0.8,195,0.8,3,0.6875,0.241071429,0,0,11.66666667,6,1.0667,0
camel,1.6,org.apache.camel.component.jetty.JettyHttpEndpoint,8,5,0,13,11,24,1,13,8,0.785714286,49,1,1,0.877192982,0.222222222,1,1,4.875,1,0.875,0
camel,1.6,org.apache.camel.component.restlet.RestletComponent,12,3,0,25,71,22,1,25,5,0.727272727,391,1,1,0.777777778,0.272727273,2,3,31.16666667,2,0.9167,0
camel,1.6,org.apache.camel.impl.converter.InstanceMethodTypeConverter,4,1,0,6,14,0,1,5,4,0.222222222,90,1,1,0,0.458333333,0,0,20.75,3,1.25,0
camel,1.6,org.apache.camel.component.atom.AtomEndpoint,16,4,0,17,29,72,7,14,16,0.813333333,150,0.8,0,0.69047619,0.21875,1,1,8.0625,1,0.8125,0
camel,1.6,org.apache.camel.component.cxf.interceptors.XMLMessageInInterceptor,9,1,0,16,50,24,1,15,1,0.375,239,1,0,0.5,0.416666667,1,4,25.44444444,10,2.1111,0
camel,1.6,org.apache.camel.component.atom.AtomConsumerSupport,1,4,1,5,2,0,2,4,1,2,11,0.5,1,1,1,0,0,8,0,0,0
camel,1.6,org.apache.camel.component.spring.integration.SpringIntegrationProducer,4,3,0,24,27,4,2,24,3,0.904761905,156,1,2,0.913043478,0.583333333,0,0,36.25,3,1,0
camel,1.6,org.apache.camel.component.http.HttpComponent,14,3,1,20,32,55,3,18,11,0.788461538,188,1,3,0.729166667,0.205357143,1,2,12.14285714,5,1.2143,0
camel,1.6,org.apache.camel.bam.model.ProcessDefinition,7,2,0,11,21,17,6,5,6,0.666666667,90,1,0,0.375,0.375,0,0,11.57142857,2,1,0
camel,1.6,org.apache.camel.spring.util.MainRunner,14,1,0,4,33,39,0,4,13,0.692307692,231,1,0,0,0.261538462,0,0,15.14285714,1,0.8571,0
camel,1.6,org.apache.camel.component.stringtemplate.StringTemplateEndpoint,5,6,0,14,26,10,1,14,4,2,77,0,0,0.933333333,0.366666667,0,0,14.4,1,0.6,0
camel,1.6,org.apache.camel.impl.converter.EnumTypeConverter,3,1,0,5,13,3,1,4,3,2,58,0,0,0,0.666666667,0,0,18.33333333,3,1.3333,0
camel,1.6,org.apache.camel.component.direct.DirectComponent,2,3,0,3,5,1,1,3,1,2,17,0,0,0.972222222,0.666666667,1,2,7.5,1,0.5,0
camel,1.6,org.apache.camel.impl.NoPolicy,2,1,0,2,3,1,0,2,2,2,7,0,0,0,0.75,0,0,2.5,1,0.5,0
camel,1.6,org.apache.camel.component.mail.MailConsumer,9,4,0,11,60,0,1,11,1,0.708333333,407,0.833333333,1,0.833333333,0.291666667,2,4,43.55555556,1,0.7778,0
camel,1.6,org.apache.camel.model.InterceptorType,2,4,1,9,3,1,5,4,2,2,5,0,0,0.994444444,0.75,0,0,1.5,1,0.5,0
camel,1.6,org.apache.camel.component.bean.BeanInvocation,10,1,0,10,28,0,5,5,10,0.518518519,136,1,1,0,0.257142857,0,0,12.3,2,0.9,0
camel,1.6,org.apache.camel.component.jms.JmsHeaderFilterStrategy,3,2,0,6,8,3,3,4,1,2,60,0,0,0.888888889,0.5,1,1,19,3,1.3333,0
camel,1.6,org.apache.camel.component.mock.MockComponent,2,3,0,6,11,1,0,6,1,2,39,0,0,0.972222222,0.666666667,1,2,18.5,1,0.5,0
camel,1.6,org.apache.camel.component.xmpp.XmppExchange,20,2,0,10,24,178,4,8,16,0.789473684,114,1,1,0.690909091,0.221428571,1,3,4.65,1,0.85,0
camel,1.6,org.apache.camel.component.http.HttpHeaderFilterStrategy,2,2,0,3,8,1,2,1,1,2,40,0,0,0.941176471,1,0,0,19,1,0.5,0
camel,1.6,org.apache.camel.model.CatchType,15,3,0,6,32,61,1,5,14,0.595238095,168,1,0,0.936170213,0.366666667,1,3,10,2,0.9333,0
camel,1.6,org.apache.camel.component.http.HttpBinding,10,1,0,11,10,45,8,4,10,2,10,0,0,0,0.255555556,0,0,0,1,1,0
camel,1.6,org.apache.camel.component.amqp.AMQPComponent,6,4,0,6,12,15,0,6,5,2,45,0,0,0.979166667,0.3,0,0,6.5,1,0.3333,0
camel,1.6,org.apache.camel.component.cxf.invoker.InvokingContext,4,1,0,6,4,6,4,2,4,2,4,0,0,0,0.55,0,0,0,1,1,0
camel,1.6,org.apache.camel.component.jdbc.JdbcProducer,4,3,0,8,38,0,1,8,2,0.555555556,201,1,0,0.913043478,0.5,0,0,48.5,1,0.5,0
camel,1.6,org.apache.camel.component.test.TestComponent,3,3,0,8,12,3,0,8,2,2,39,0,0,0.945945946,0.666666667,1,1,12,1,0.6667,0
camel,1.6,org.apache.camel.component.quartz.QuartzConsumer,5,3,0,4,10,10,1,4,3,2,31,0,0,0.851851852,0.466666667,1,1,5.2,1,0.8,0
camel,1.6,org.apache.camel.component.cxf.invoker.PayloadMessage,4,1,0,1,12,0,1,0,4,0.333333333,52,1,0,0,0.625,0,0,11.5,1,0.75,0
camel,1.6,org.apache.camel.model.NodeFactory,4,1,0,4,8,6,1,3,4,2,19,0,0,0,1,0,0,3.75,1,0.75,0
camel,1.6,org.apache.camel.component.jhc.AsyncBufferingHttpServiceHandler,7,1,0,28,33,17,2,27,3,2,180,0,0,0.714285714,0.285714286,1,4,24.71428571,1,0.5714,0
camel,1.6,org.apache.camel.processor.ThreadProcessor,28,1,0,8,44,300,3,7,27,0.910493827,248,1,0,0,0.136363636,0,0,7.428571429,4,1.1429,0
camel,1.6,org.apache.camel.component.dataset.SimpleDataSet,7,2,0,2,9,7,0,2,6,0.583333333,39,1,1,0.722222222,0.314285714,1,1,4.285714286,1,0.7143,0
camel,1.6,org.apache.camel.component.bean.BeanExchange,5,2,0,9,10,10,3,6,5,2,30,0,0,0.926829268,0.36,1,1,5,1,0.6,0
camel,1.6,org.apache.camel.spring.CamelContextFactoryBean,48,2,1,45,124,992,2,43,42,0.929078014,824,1,4,0.041666667,0.093617021,0,0,15.72916667,6,1.2292,0
camel,1.6,org.apache.camel.dataformat.csv.CsvDataFormat,8,1,0,8,32,16,0,8,7,0.571428571,159,1,0,0,0.267857143,0,0,18.625,2,1,0
camel,1.6,org.apache.camel.component.jms.requestor.PersistentReplyToRequestor,5,3,0,17,61,8,3,16,3,0.75,295,1,0,0.9,0.314285714,1,1,57.8,18,5,0
camel,1.6,org.apache.camel.RuntimeTransformException,3,5,0,3,6,3,2,1,3,1.5,17,1,0,1,0.777777778,0,0,4.333333333,0,0,0
camel,1.6,org.apache.camel.impl.ProxyInstantiationException,3,4,0,2,9,0,1,1,3,0.5,34,1,1,0.894736842,0.5,0,0,9.666666667,1,0.6667,0
camel,1.6,org.apache.camel.component.freemarker.FreemarkerComponent,5,3,0,9,16,8,0,9,3,0.5,84,1,0,0.897435897,0.4,1,2,15.4,2,1.2,0
camel,1.6,org.apache.camel.component.irc.IrcErrorLogger,9,0,0,5,24,0,1,4,9,0,213,1,0,0,0.37037037,0,0,22.55555556,1,0.8889,0
camel,1.6,org.apache.camel.component.cxf.transport.CamelConduit,16,0,0,17,35,102,4,14,10,0.858333333,189,1,3,0,0.222222222,0,0,10.3125,3,1.125,0
camel,1.6,org.apache.camel.util.TimeoutMap,6,1,0,3,6,15,3,0,6,2,6,0,0,0,0.555555556,0,0,0,1,1,0
camel,1.6,org.apache.camel.component.xmpp.RuntimeXmppException,2,4,0,3,4,1,2,1,2,2,12,1,0,1,0.833333333,0,0,4.5,0,0,0
camel,1.6,org.apache.camel.component.cxf.CxfMessage,14,3,0,11,32,71,4,9,13,0.230769231,171,1,0,0.744680851,0.271428571,2,7,11.14285714,4,1.3571,0
