proj,ver,class,wmc,dit,noc,cbo,rfc,lcom,ca,ce,npm,lcom3,loc,dam,moa,mfa,cam,ic,cbm,amc,max_cc,avg_cc,bug
velocity,1.4,org.apache.velocity.runtime.exception.NodeException,1,3,0,1,9,0,0,1,1,2,27,0,0,1,1,0,0,26,0,0,0
velocity,1.4,org.apache.velocity.test.VelocityAppTestCase,3,4,0,8,17,1,0,8,3,0,75,1,0,0.964285714,0.666666667,3,3,23,1,0.6667,0
velocity,1.4,org.apache.velocity.runtime.parser.Parser,148,1,0,60,236,0,43,55,48,0.733908948,9104,0.769230769,9,0,0.147804054,0,0,60.33783784,34,4.5878,0
velocity,1.4,org.apache.velocity.test.EventHandlingTestCase,10,3,0,16,31,29,0,16,9,0.722222222,284,1,0,0.859649123,0.26984127,3,3,27,5,1.5,0
velocity,1.4,org.apache.velocity.runtime.parser.node.ParserVisitor,35,1,0,47,35,595,47,35,35,2,35,0,0,0,0.081081081,0,0,0,1,1,0
velocity,1.4,org.apache.velocity.test.InlineScopeVMTestCase,3,4,0,9,21,3,0,9,2,1.5,119,1,0,0.964285714,0.666666667,2,4,38.33333333,2,1,0
velocity,1.4,org.apache.velocity.runtime.parser.ParserTokenManager,94,1,0,5,126,413,1,4,10,0.802541544,10760,0.272727273,1,0,0.338709677,0,0,113.1170213,95,10.5426,0
velocity,1.4,org.apache.velocity.test.CommonsExtPropTestCase,6,4,0,4,51,15,0,4,3,1.2,304,1,0,0.915254237,0.366666667,2,4,49.16666667,1,0.8333,0
velocity,1.4,org.apache.velocity.test.MultipleFileResourcePathTest,3,4,0,8,22,3,0,8,2,1.5,124,1,0,0.964285714,0.666666667,3,4,38,2,1,0
velocity,1.4,org.apache.velocity.test.ParserTestCase,6,3,0,8,18,15,0,8,5,1,160,0,0,0.907407407,0.5,0,0,25.5,2,1,0
velocity,1.4,org.apache.velocity.test.provider.TestProvider,39,1,0,4,68,727,2,2,38,0.963157895,537,0,0,0,0.160818713,0,0,12.64102564,3,1.1026,0
velocity,1.4,org.apache.velocity.test.TemplateTestCase,4,4,0,13,45,2,1,13,3,0.916666667,359,1,4,0.947368421,0.5,3,6,86.75,1,0.75,0
velocity,1.4,org.apache.velocity.test.IntrospectorTestCase,5,4,0,6,32,4,0,6,3,0.85,642,0.8,0,0.947368421,0.5,3,3,126.4,22,4.8,0
velocity,1.4,org.apache.velocity.test.TestClassloader,2,2,0,1,14,0,1,0,2,1,55,1,0,0.971428571,0.75,1,1,25.5,1,0.5,0
velocity,1.4,org.apache.velocity.test.misc.Test,6,1,0,16,57,15,0,16,5,1,437,1,0,0,0.4,0,0,71.66666667,2,1.1667,0
velocity,1.4,org.apache.velocity.test.MultiLoaderTestCase,3,4,0,7,23,3,0,7,3,1.5,188,1,0,0.964285714,0.666666667,2,4,59.66666667,3,1.3333,0
velocity,1.4,org.apache.velocity.runtime.directive.ParseDirectiveException,3,3,0,0,12,0,0,0,2,0.333333333,86,1,0,0.866666667,0.666666667,1,1,26.66666667,2,1,0
velocity,1.4,org.apache.velocity.test.ConfigurationTestCase,6,4,0,4,51,15,0,4,3,1.2,304,1,0,0.915254237,0.366666667,2,4,49.16666667,1,0.8333,0
velocity,1.4,org.apache.velocity.test.MethodInvocationExceptionTest,6,3,0,8,26,15,0,8,6,2,342,0,0,0.907407407,0.5,2,2,56,1,0.8333,0
velocity,1.4,org.apache.velocity.test.VelocimacroTestCase,3,3,0,6,15,1,0,6,3,0,61,1,0,0.960784314,0.666666667,3,3,18.66666667,1,0.6667,0
velocity,1.4,org.apache.velocity.test.ClasspathResourceTest,3,4,0,8,23,3,0,8,3,1.5,130,1,0,0.964285714,0.666666667,2,4,40.66666667,2,1,0
velocity,1.4,org.apache.velocity.runtime.parser.node.ASTNumberLiteral,5,2,0,7,11,0,4,5,5,0.25,44,1,0,0.9,0.433333333,0,0,7.6,1,0.6,0
velocity,1.4,org.apache.velocity.test.provider.BoolObj,3,1,0,1,4,3,1,0,3,2,10,0,0,0,1,0,0,2.333333333,1,0.6667,0
velocity,1.4,org.apache.velocity.test.TexenTestCase,4,4,0,3,8,6,0,3,3,1.333333333,62,1,0,0.947368421,0.75,2,4,14,5,1.75,0
velocity,1.4,org.apache.velocity.test.MiscTestCase,4,4,0,4,8,6,0,4,4,2,67,0,0,0.964285714,0.5,3,3,15.75,1,0.5,0
velocity,1.4,org.apache.velocity.runtime.parser.ParserConstants,1,1,0,2,1,0,2,0,0,2,321,0,0,0,0,0,0,252,0,0,0
velocity,1.4,org.apache.velocity.test.provider.Child,2,2,0,2,3,1,1,1,2,2,7,0,0,0.5,1,0,0,2.5,1,0.5,0
velocity,1.4,org.apache.velocity.test.provider.Person,2,1,1,2,3,1,2,0,2,2,7,0,0,0,1,0,0,2.5,1,0.5,0
velocity,1.4,org.apache.velocity.test.view.TemplateNodeView,2,1,0,6,16,1,0,6,2,0,67,1,2,0,0.5,0,0,31.5,1,0.5,0
velocity,1.4,org.apache.velocity.runtime.parser.ParserTreeConstants,1,1,0,3,1,0,3,0,0,2,196,0,0,0,0,0,0,156,0,0,0
velocity,1.4,org.apache.velocity.test.VelocityServletTest,3,3,0,8,18,3,1,8,3,2,50,0,0,0.960784314,0.666666667,2,2,15.66666667,1,0.6667,0
velocity,1.4,org.apache.velocity.runtime.configuration.Configuration,53,3,0,6,139,1188,5,3,50,0.834134615,1625,1,1,0.395061728,0.102272727,0,0,29.50943396,7,2.5094,0
velocity,1.4,org.apache.velocity.runtime.compiler.Compiler,2,1,0,28,41,1,0,28,2,2,332,0,0,0,0.5,0,0,165,1,0.5,0
velocity,1.4,org.apache.velocity.runtime.parser.TokenMgrError,6,3,0,2,19,15,2,0,4,1.12,184,0,0,0.8125,0.5,1,1,28.83333333,14,2.8333,0
velocity,1.4,org.apache.velocity.runtime.parser.Token,3,1,0,20,4,3,20,0,3,1.4375,23,0,2,0,0.5,0,0,4,2,1,0
velocity,1.4,org.apache.velocity.runtime.parser.JJTParserState,12,1,0,2,25,0,1,1,0,0.436363636,218,1,0,0,0.395833333,0,0,16.75,3,1.3333,0
velocity,1.4,org.apache.velocity.test.TemplateTestSuite,3,2,0,5,19,1,1,5,1,0.5,82,1,0,0.9,0.5,0,0,26,2,1,0
velocity,1.4,org.apache.velocity.test.ContextSafetyTestCase,3,4,0,10,26,3,0,10,3,2,155,0,0,0.964285714,0.666666667,2,4,50.66666667,2,1,0
velocity,1.4,org.apache.velocity.test.IntrospectorTestCase2,5,4,0,8,21,10,0,8,3,1,110,0,0,0.947368421,0.5,3,3,20.6,5,1.4,0
velocity,1.4,org.apache.velocity.test.IntrospectorTestCase3,4,4,0,7,18,6,0,7,3,1,308,0,0,0.947368421,0.5,0,0,75.5,2,1,0
velocity,1.4,org.apache.velocity.test.TemplateTestBase,0,1,0,6,0,0,6,0,0,2,7,0,0,0,0,0,0,0,0,0,0
velocity,1.4,org.apache.velocity.test.ExternalLoggerTest,5,3,0,6,18,4,0,6,5,0.375,105,1,1,0.924528302,0.35,3,3,19.6,3,1.4,0
velocity,1.4,org.apache.velocity.test.BaseTestCase,6,3,17,22,26,13,17,5,1,0.6,111,1,0,0.907407407,0.75,0,0,17.33333333,3,1.3333,0
velocity,1.4,org.apache.velocity.runtime.parser.ParseException,5,3,1,11,18,0,10,1,4,0.55,387,0.4,1,0.866666667,0.4,1,1,75.4,14,4.8,0
velocity,1.4,org.apache.velocity.test.AnakiaTestCase,3,4,0,3,8,3,0,3,3,1.5,33,1,0,0.964285714,0.666666667,2,3,9,2,1,0
velocity,1.4,org.apache.velocity.test.EncodingTestCase,3,4,0,8,22,3,0,8,3,2,207,0,0,0.964285714,0.666666667,2,4,68,4,1.6667,0
velocity,1.4,org.apache.velocity.test.TexenClasspathTestCase,4,4,0,3,8,6,0,3,3,1.333333333,62,1,0,0.947368421,0.75,2,4,14,5,1.75,0
velocity,1.4,org.apache.velocity.test.ClassloaderChangeTest,6,3,0,10,26,7,0,10,5,0.6,159,1,1,0.924528302,0.35,3,3,25,3,1.1667,0
velocity,1.4,org.apache.velocity.runtime.parser.CharStream,12,1,0,3,12,66,3,0,12,2,12,0,0,0,0.583333333,0,0,0,1,1,0
velocity,1.4,org.apache.velocity.context.Context,5,1,0,34,5,10,34,0,5,2,5,0,0,0,0.666666667,0,0,0,1,1,1
velocity,1.4,org.apache.velocity.runtime.parser.node.ASTIncludeStatement,3,2,0,3,6,3,0,3,3,2,17,0,0,0.964285714,0.533333333,0,0,4.666666667,1,0.3333,1
velocity,1.4,org.apache.velocity.util.introspection.IntrospectorBase,4,1,1,2,19,0,1,1,2,0,101,1,0,0,0.5,0,0,23.75,1,0.75,1
velocity,1.4,org.apache.velocity.runtime.parser.node.ASTIfStatement,5,2,0,10,12,10,4,8,5,2,62,0,0,0.9,0.4,1,2,11.4,1,0.6,1
velocity,1.4,org.apache.velocity.util.StringUtils,22,1,0,13,70,229,13,0,21,0.976190476,681,1,0,0,0.172619048,0,0,29.86363636,8,2.6364,1
velocity,1.4,org.apache.velocity.runtime.resource.loader.ClasspathResourceLoader,5,2,0,6,13,10,0,6,5,2,51,0,0,0.714285714,0.45,0,0,9.2,1,0.8,1
velocity,1.4,org.apache.velocity.anakia.Escape,2,1,0,1,8,1,1,0,2,2,75,0,0,0,0.5,0,0,36.5,9,4.5,1
velocity,1.4,org.apache.velocity.runtime.parser.node.ASTAddNode,4,2,0,10,20,6,4,8,4,2,131,0,0,0.931034483,0.416666667,1,1,31.75,1,0.5,1
velocity,1.4,org.apache.velocity.runtime.log.AvalonLogSystem,4,1,0,10,24,0,1,9,4,0.166666667,178,1,1,0,0.5,0,0,43,2,1,1
velocity,1.4,org.apache.velocity.runtime.parser.node.ASTFalse,6,2,0,6,9,13,4,4,5,0.8,28,1,0,0.9,0.4,0,0,3.5,1,0.5,1
velocity,1.4,org.apache.velocity.runtime.resource.loader.JarResourceLoader,8,2,0,8,35,12,0,8,5,0.5,262,1,0,0.588235294,0.375,0,0,31.5,6,2,1
velocity,1.4,org.apache.velocity.texen.util.FileUtil,4,1,0,0,12,6,0,0,4,2,50,0,0,0,0.5,0,0,11.5,2,1,1
velocity,1.4,org.apache.velocity.runtime.log.SimpleLog4JLogSystem,6,1,0,8,32,0,0,8,4,0.4,160,1,1,0,0.416666667,0,0,25.33333333,2,1.3333,1
velocity,1.4,org.apache.velocity.runtime.parser.node.ASTLENode,5,2,0,10,22,10,4,8,5,2,153,0,0,0.9,0.4,1,1,29.6,1,0.6,1
velocity,1.4,org.apache.velocity.VelocityContext,10,3,0,22,20,3,20,2,10,0,85,1,0,0.777777778,0.38,1,4,7.4,1,0.6,1
velocity,1.4,org.apache.velocity.runtime.resource.ResourceCache,5,1,0,4,5,10,2,2,5,2,5,0,0,0,0.5,0,0,0,1,1,1
velocity,1.4,org.apache.velocity.runtime.parser.node.ASTObjectArray,4,2,0,8,12,6,4,6,4,2,42,0,0,0.931034483,0.416666667,1,1,9.5,1,0.5,1
velocity,1.4,org.apache.velocity.runtime.resource.ContentResource,2,2,0,10,17,1,6,5,2,2,87,0,0,0.941176471,1,1,1,42.5,1,0.5,1
velocity,1.4,org.apache.velocity.servlet.VelocityServlet,18,3,1,13,63,149,2,11,6,1.019607843,417,0.444444444,1,0.6,0.338235294,1,2,21.66666667,5,1.1111,1
velocity,1.4,org.apache.velocity.app.tools.VelocityFormatter,18,1,0,3,37,133,2,3,18,0.882352941,302,0,1,0,0.333333333,0,0,15.66666667,4,1.3889,1
velocity,1.4,org.apache.velocity.util.EnumerationIterator,4,1,0,1,7,0,1,0,4,0.333333333,23,1,0,0,0.625,0,0,4.5,1,0.75,1
velocity,1.4,org.apache.velocity.runtime.resource.loader.ResourceLoader,11,1,3,12,15,29,9,4,11,0.775,68,1,1,0,0.246753247,0,0,4.818181818,1,0.9091,1
velocity,1.4,org.apache.velocity.texen.ant.TexenTask,18,3,0,13,80,117,0,13,16,0.929411765,534,1,0,0.685185185,0.3,1,1,28.11111111,4,1.1111,1
velocity,1.4,org.apache.velocity.runtime.log.PrimordialLogSystem,4,1,0,3,14,0,1,2,4,0.5,92,1,1,0,0.4,0,0,21.5,3,1.25,1
velocity,1.4,org.apache.velocity.util.introspection.UberspectLoggable,1,1,0,3,1,0,2,1,1,2,1,0,0,0,1,0,0,0,1,1,1
velocity,1.4,org.apache.velocity.runtime.parser.node.ASTGTNode,5,2,0,10,22,10,4,8,5,2,153,0,0,0.9,0.4,1,1,29.6,1,0.6,1
velocity,1.4,org.apache.velocity.runtime.parser.node.ASTNENode,5,2,0,10,22,10,4,8,5,2,140,0,0,0.9,0.4,2,2,27,1,0.6,1
velocity,1.4,org.apache.velocity.runtime.parser.node.ASTAndNode,5,2,0,10,19,10,4,8,5,2,84,0,0,0.9,0.4,1,1,15.8,1,0.6,1
velocity,1.4,org.apache.velocity.runtime.RuntimeLogger,4,1,0,46,4,6,46,0,4,2,4,0,0,0,1,0,0,0,1,1,1
velocity,1.4,org.apache.velocity.runtime.resource.loader.JarHolder,6,1,0,4,32,0,1,3,6,0.4,195,1,1,0,0.5,0,0,30.83333333,3,1.1667,1
velocity,1.4,org.apache.velocity.runtime.VelocimacroManager,14,1,0,4,26,43,2,3,7,0.703296703,309,1,1,0,0.346153846,0,0,20.57142857,5,2.2143,1
velocity,1.4,org.apache.velocity.util.introspection.Introspector,3,2,0,13,14,0,10,3,2,0.75,88,0.5,1,0.6,0.466666667,1,1,27.66666667,1,0.6667,1
velocity,1.4,org.apache.velocity.util.ArrayIterator,4,1,0,1,16,0,1,0,4,0.444444444,77,1,0,0,0.625,0,0,17.5,2,1.25,1
velocity,1.4,org.apache.velocity.context.InternalHousekeepingContext,8,1,0,6,8,28,4,2,8,2,8,0,0,0,0.325,0,0,0,1,1,1
velocity,1.4,org.apache.velocity.context.InternalContextAdapter,0,1,0,58,0,0,55,4,0,2,0,0,0,0,0,0,0,0,0,0,1
velocity,1.4,org.apache.velocity.runtime.parser.node.ASTSubtractNode,4,2,0,10,20,6,4,8,4,2,131,0,0,0.931034483,0.416666667,1,1,31.75,1,0.5,1
velocity,1.4,org.apache.velocity.runtime.resource.ResourceManager,3,1,0,6,3,3,2,4,3,1.5,5,0,0,0,0.583333333,0,0,0,1,1,1
velocity,1.4,org.apache.velocity.runtime.visitor.BaseVisitor,38,1,2,40,40,703,3,37,38,1,296,1,1,0,0.074224022,0,0,6.736842105,1,0.9737,1
velocity,1.4,org.apache.velocity.runtime.directive.MacroParseException,1,4,0,3,2,0,2,1,1,2,5,0,0,1,1,0,0,4,0,0,1
velocity,1.4,org.apache.velocity.anakia.XPathCache,3,1,0,4,8,1,3,1,0,0.5,45,1,0,0,0.5,0,0,13.66666667,2,0.6667,1
velocity,1.4,org.apache.velocity.runtime.parser.node.BooleanPropertyExecutor,2,3,0,5,15,1,1,4,1,2,72,0,0,0.833333333,0.8,2,5,35,3,1.5,1
velocity,1.4,org.apache.velocity.runtime.visitor.VMReferenceMungeVisitor,2,2,0,5,8,0,1,4,2,0,33,1,0,0.973684211,0.625,0,0,15,2,1,1
velocity,1.4,org.apache.velocity.exception.ResourceNotFoundException,1,4,0,31,2,0,30,1,1,2,5,0,0,1,1,0,0,4,0,0,1
velocity,1.4,org.apache.velocity.runtime.directive.DirectiveConstants,0,1,0,1,0,0,1,0,0,2,2,0,0,0,0,0,0,0,0,0,1
velocity,1.4,org.apache.velocity.runtime.parser.node.AbstractExecutor,4,1,2,6,5,0,5,1,4,0.666666667,25,1,1,0,0.625,0,0,4.75,2,1,1
velocity,1.4,org.apache.velocity.util.introspection.VelMethod,4,1,0,5,4,6,5,0,4,2,4,0,0,0,0.5,0,0,0,1,1,1
velocity,1.4,org.apache.velocity.runtime.parser.node.ASTParameters,3,2,0,3,6,3,0,3,3,2,17,0,0,0.964285714,0.533333333,0,0,4.666666667,1,0.3333,1
velocity,1.4,org.apache.velocity.convert.WebMacro,10,1,0,3,40,39,0,3,4,0.962962963,460,1,0,0,0.388888889,0,0,44.7,4,2.1,1
