proj,ver,class,wmc,dit,noc,cbo,rfc,lcom,ca,ce,npm,lcom3,loc,dam,moa,mfa,cam,ic,cbm,amc,max_cc,avg_cc,bug
camel,1.4,org.apache.camel.model.ProcessorType,141,2,13,102,286,9792,59,69,130,0.895238095,1747,0.888888889,3,0.073333333,0.057142857,0,0,11.32624113,6,1.156,17
camel,1.4,org.apache.camel.processor.DeadLetterChannel,22,3,0,22,67,145,6,19,16,0.861904762,434,0.7,5,0.486486486,0.155844156,1,1,18.27272727,13,1.5455,13
camel,1.4,org.apache.camel.model.ExceptionType,26,3,0,18,56,263,11,9,24,0.776,278,1,2,0.867052023,0.146853147,1,2,9.5,3,1.0769,10
camel,1.4,org.apache.camel.component.file.FileConsumer,22,4,0,14,66,151,3,14,11,0.852813853,603,1,1,0.62962963,0.164502165,1,1,25.90909091,15,2.6818,8
camel,1.4,org.apache.camel.model.AggregatorType,27,4,0,18,60,291,3,17,24,0.820512821,303,1,3,0.872928177,0.116049383,2,3,10,2,0.8889,7
camel,1.4,org.apache.camel.component.bean.BeanInfo,17,1,0,31,91,100,5,26,7,0.7265625,741,1,3,0,0.275,0,0,42.11764706,10,2.8235,7
camel,1.4,org.apache.camel.builder.RouteBuilder,24,2,6,27,55,30,13,14,20,0.652173913,207,1,1,0.568627451,0.128472222,1,3,7.5,2,0.9583,7
camel,1.4,org.apache.camel.converter.stream.StreamCacheConverter,3,1,0,5,9,1,2,5,3,0.5,28,1,1,0,0.555555556,0,0,8,1,0.6667,6
camel,1.4,org.apache.camel.impl.DefaultCamelContext,62,2,1,50,135,1723,12,40,48,0.930327869,1182,1,8,0.183098592,0.075260805,1,1,17.74193548,7,1.3548,6
camel,1.4,org.apache.camel.processor.BatchProcessor,19,2,2,12,47,83,2,10,12,0.855555556,297,0.8,4,0.433333333,0.1875,1,1,14.10526316,2,1.0526,6
camel,1.4,org.apache.camel.CamelContext,25,1,0,149,25,300,141,12,25,2,25,0,0,0,0.18,0,0,0,1,1,6
camel,1.4,org.apache.camel.component.file.FileEndpoint,45,3,0,22,81,814,7,19,39,0.909090909,555,1,1,0.402985075,0.146694215,1,2,11,7,1.1778,5
camel,1.4,org.apache.camel.impl.DefaultComponent,24,2,36,53,61,256,38,16,16,0.804347826,301,1,1,0.382352941,0.316770186,1,1,11.375,3,1,5
camel,1.4,org.apache.camel.util.ObjectHelper,38,1,0,109,111,697,105,4,36,0.918918919,923,1,0,0,0.090733591,0,0,23.26315789,8,3.1579,5
camel,1.4,org.apache.camel.component.bean.MethodInfo,17,1,0,8,32,82,3,7,13,0.84375,162,1,1,0,0.183006536,0,0,8.176470588,3,1.1765,5
camel,1.4,org.apache.camel.component.file.FileComponent,3,3,0,4,8,3,1,4,2,1.5,30,0,0,0.971428571,0.5,1,2,8.333333333,1,0.3333,5
camel,1.4,org.apache.camel.processor.RedeliveryPolicy,31,1,0,10,49,379,8,2,29,0.855555556,328,1,0,0,0.3,0,0,9.290322581,8,1.3548,4
camel,1.4,org.apache.camel.component.mock.MockEndpoint,64,2,2,28,127,1836,12,25,50,0.883876358,1188,1,2,0.273809524,0.096119929,0,0,17.265625,6,1.2031,4
camel,1.4,org.apache.camel.processor.MulticastProcessor,13,2,2,18,53,42,7,14,8,0.666666667,340,1,1,0.565217391,0.213675214,1,1,24.76923077,2,0.8462,4
camel,1.4,org.apache.camel.builder.DeadLetterChannelBuilder,32,2,0,20,55,438,3,18,32,0.792626728,273,1,6,0.09375,0.10546875,0,0,7.3125,2,1,4
camel,1.4,org.apache.camel.Exchange,26,1,0,389,26,325,387,4,26,2,26,0,0,0,0.157692308,0,0,0,1,1,4
camel,1.4,org.apache.camel.impl.DefaultProducerTemplate,47,2,1,20,75,999,7,16,39,0.691304348,529,1,3,0.224137931,0.232269504,1,1,10.14893617,7,1.2128,4
camel,1.4,org.apache.camel.converter.IOConverter,27,1,0,12,71,349,9,3,24,0.807692308,292,1,0,0,0.082840237,0,0,9.777777778,1,0.9259,3
camel,1.4,org.apache.camel.processor.Throttler,10,4,0,4,19,7,1,3,9,0.666666667,120,1,0,0.789473684,0.425,1,2,10.6,1,0.8,3
camel,1.4,org.apache.camel.model.DelayerType,9,4,0,9,23,0,3,7,9,0.25,94,1,0,0.969325153,0.277777778,2,3,9.333333333,1,0.5556,3
camel,1.4,org.apache.camel.builder.ExpressionBuilder,30,1,0,41,61,435,18,29,29,2,193,0,0,0,0.133333333,0,0,5.433333333,1,0.9667,3
camel,1.4,org.apache.camel.util.ResolverUtil,14,1,1,10,71,41,4,7,7,0.512820513,799,1,0,0,0.316239316,0,0,55.85714286,14,3.3571,3
camel,1.4,org.apache.camel.builder.BuilderSupport,31,1,1,16,59,437,1,15,28,0.855555556,251,1,2,0,0.133995037,0,0,7,2,1,3
camel,1.4,org.apache.camel.processor.HandleFaultProcessor,2,3,0,5,14,1,1,4,2,2,47,0,0,0.954545455,0.75,0,0,22.5,1,0.5,3
camel,1.4,org.apache.camel.builder.ExpressionClause,44,2,0,12,72,834,4,8,44,0.5,345,1,0,0.338461538,0.261363636,1,2,6.795454545,1,0.9773,3
camel,1.4,org.apache.camel.builder.ValueBuilder,26,1,1,9,47,0,4,5,24,0.08,236,1,1,0,0.258241758,0,0,8.038461538,2,1,3
camel,1.4,org.apache.camel.model.IdempotentConsumerType,10,4,0,8,22,27,1,8,10,0.611111111,87,1,1,0.951807229,0.32,2,3,7.5,2,0.9,3
camel,1.4,org.apache.camel.processor.interceptor.TraceFormatter,20,1,0,9,40,122,3,7,16,0.84962406,275,1,0,0,0.33,0,0,12.4,9,1.45,3
camel,1.4,org.apache.camel.model.LoadBalanceType,15,4,0,15,37,1,3,13,14,0.535714286,209,1,1,0.916167665,0.20952381,1,1,12.8,2,1.0667,3
camel,1.4,org.apache.camel.model.ConvertBodyType,12,3,0,5,20,62,1,5,11,0.636363636,79,1,0,0.943396226,0.354166667,1,2,5.416666667,2,0.8333,3
camel,1.4,org.apache.camel.ProducerTemplate,29,1,0,14,29,406,8,6,29,2,29,0,0,0,0.37164751,0,0,0,1,1,3
camel,1.4,org.apache.camel.model.SplitterType,12,4,0,12,29,52,4,9,12,0.818181818,115,1,1,0.946107784,0.214285714,2,3,8.333333333,2,0.8333,3
camel,1.4,org.apache.camel.processor.interceptor.StreamCachingInterceptor,4,4,0,9,12,6,4,6,4,2,47,0,0,0.928571429,0.416666667,0,0,10.75,4,1.25,3
camel,1.4,org.apache.camel.model.MulticastType,12,4,0,14,24,52,7,7,10,0.818181818,91,1,1,0.932926829,0.226190476,1,5,6.333333333,2,1.0833,3
camel,1.4,org.apache.camel.model.ResequencerType,24,3,0,18,56,210,5,15,20,0.713043478,280,1,2,0.872093023,0.244047619,1,2,10.45833333,4,1.0417,3
camel,1.4,org.apache.camel.processor.RecipientList,6,2,0,15,25,5,2,13,3,0.6,88,1,2,0.722222222,0.416666667,1,1,13.33333333,1,0.8333,2
camel,1.4,org.apache.camel.model.dataformat.JaxbDataFormat,7,3,0,4,12,13,1,3,6,0.583333333,55,1,0,0.642857143,0.314285714,1,2,6.571428571,3,1,2
camel,1.4,org.apache.camel.component.file.strategy.FileProcessStrategySupport,10,1,3,12,29,21,3,9,6,0.722222222,151,0.75,1,0,0.37037037,0,0,13.7,1,0.6,2
camel,1.4,org.apache.camel.component.seda.SedaConsumer,6,2,0,11,27,0,2,11,3,0.7,115,1,2,0.764705882,0.466666667,1,2,17.5,2,0.8333,2
camel,1.4,org.apache.camel.converter.stream.StreamCache,0,1,0,3,0,0,3,0,0,2,0,0,0,0,0,0,0,0,0,0,2
camel,1.4,org.apache.camel.component.bean.ProxyHelper,5,1,0,4,11,10,1,3,4,2,56,0,0,0,0.44,0,0,10.2,1,0.8,2
camel,1.4,org.apache.camel.processor.Pipeline,10,3,0,15,40,39,4,12,5,0.777777778,177,1,0,0.741935484,0.271604938,0,0,16.6,5,1.5,2
camel,1.4,org.apache.camel.converter.NIOConverter,13,1,0,6,43,76,3,3,11,0.916666667,180,1,0,0,0.1,0,0,12.76923077,1,0.8462,2
camel,1.4,org.apache.camel.processor.Aggregator,5,3,0,10,16,8,2,8,4,0.75,61,1,1,0.9375,0.45,1,1,11,3,0.8,2
camel,1.4,org.apache.camel.builder.ProcessorBuilder,13,1,0,16,26,78,2,14,12,2,80,0,0,0,0.326923077,0,0,5.153846154,1,0.9231,2
camel,1.4,org.apache.camel.processor.LoggingErrorHandler,13,3,0,9,35,26,1,8,9,0.555555556,214,1,2,0.620689655,0.307692308,1,1,15.23076923,8,1.3846,2
camel,1.4,org.apache.camel.processor.StreamResequencer,7,3,0,7,26,0,1,6,5,0.666666667,84,1,2,0.777777778,0.285714286,1,1,10.57142857,1,0.8571,2
camel,1.4,org.apache.camel.processor.interceptor.TraceInterceptor,19,3,0,13,35,129,3,11,16,0.8,157,1,4,0.538461538,0.173684211,1,1,7,3,1.0526,2
camel,1.4,org.apache.camel.builder.Builder,11,1,0,4,22,55,1,3,10,2,86,0,0,0,0.181818182,0,0,6.818181818,1,0.9091,2
camel,1.4,org.apache.camel.converter.jaxp.StringSource,13,2,1,3,28,0,3,0,13,0.291666667,140,1,0,0.5,0.384615385,0,0,9.615384615,1,0.6923,2
camel,1.4,org.apache.camel.processor.RoutingSlip,13,2,0,14,44,54,1,13,4,0.708333333,223,1,1,0.565217391,0.305555556,1,1,15.84615385,3,1.1538,2
camel,1.4,org.apache.camel.component.log.LogFormatter,20,1,0,5,37,132,1,4,18,0.881578947,341,1,0,0,0.3875,0,0,15.65,30,2.5,2
camel,1.4,org.apache.camel.component.bean.CamelInvocationHandler,2,1,0,10,12,0,2,8,2,0,49,1,2,0,0.583333333,0,0,22.5,1,0.5,2
camel,1.4,org.apache.camel.model.RedeliveryPolicyType,22,1,0,2,41,189,1,1,22,0.841269841,180,1,0,0,0.171717172,0,0,6.909090909,7,1.2273,2
camel,1.4,org.apache.camel.builder.LoggingErrorHandlerBuilder,9,2,0,10,13,0,1,9,9,0.25,92,1,1,0.333333333,0.355555556,0,0,9,1,0.6667,2
camel,1.4,org.apache.camel.impl.DefaultEndpoint,27,1,20,41,48,327,29,12,20,0.846153846,278,1,3,0,0.159259259,1,1,9.111111111,5,1.3333,2
camel,1.4,org.apache.camel.management.InstrumentationProcessor,8,3,0,12,28,6,3,10,5,0.571428571,111,1,1,0.807692308,0.333333333,0,0,12.625,4,1.25,2
camel,1.4,org.apache.camel.processor.aggregate.PredicateAggregationCollection,5,3,0,6,15,0,1,5,4,0.375,50,1,1,0.84,0.333333333,2,6,8.6,2,1,2
camel,1.4,org.apache.camel.processor.interceptor.Tracer,4,1,0,7,8,0,2,5,4,0,31,1,1,0,0.4375,0,0,6.5,1,0.75,2
camel,1.4,org.apache.camel.processor.exceptionpolicy.DefaultExceptionPolicyStrategy,4,1,0,6,24,4,1,5,2,0.666666667,121,1,0,0,0.4,0,0,29,6,2.25,2
camel,1.4,org.apache.camel.Endpoint,13,1,0,176,13,78,171,7,13,2,13,0,0,0,0.243589744,0,0,0,1,1,2
camel,1.4,org.apache.camel.component.file.FileProducer,8,3,0,10,47,20,1,10,5,0.642857143,250,1,1,0.769230769,0.285714286,0,0,30,6,1.5,2
camel,1.4,org.apache.camel.converter.ObjectConverter,15,1,0,11,42,105,10,1,14,2,214,0,0,0,0.2,0,0,13.26666667,4,2.4667,2
camel,1.4,org.apache.camel.processor.resequencer.ResequencerEngine,18,1,0,9,44,85,1,8,10,0.739495798,242,1,2,0,0.205882353,0,0,12.05555556,5,1.3889,2
camel,1.4,org.apache.camel.processor.ThroughputLogger,18,2,0,7,35,0,3,4,15,0.638655462,315,1,0,0.523809524,0.263888889,1,1,16.11111111,3,0.7778,2
camel,1.4,org.apache.camel.processor.aggregate.AggregationCollection,9,2,1,9,25,4,4,5,6,0.625,103,1,2,0.666666667,0.35,1,5,10,3,1,2
camel,1.4,org.apache.camel.component.bean.BeanProcessor,15,2,0,24,50,75,8,16,11,0.8,299,0.8,1,0.565217391,0.206349206,1,1,18.6,2,0.7333,2
camel,1.4,org.apache.camel.model.RoutesType,26,2,0,17,54,289,1,16,25,0.875,279,1,2,0.305555556,0.136363636,0,0,9.423076923,3,1.1154,2
camel,1.4,org.apache.camel.builder.ErrorHandlerBuilderSupport,4,1,5,8,11,0,5,3,3,0,38,1,0,0,0.5,0,0,8.25,2,1,2
camel,1.4,org.apache.camel.view.RouteDotGenerator,8,2,0,8,31,28,1,7,1,2,394,0,0,0.588235294,0.347222222,1,1,48.25,7,3.125,1
camel,1.4,org.apache.camel.model.WhenType,7,4,0,9,16,21,3,6,7,2,45,0,0,0.975308642,0.392857143,3,4,5.428571429,1,0.5714,1
camel,1.4,org.apache.camel.model.SetHeaderType,11,4,0,8,23,51,1,8,11,0.6,96,1,0,0.957575758,0.345454545,2,3,7.545454545,1,0.6364,1
camel,1.4,org.apache.camel.spi.RouteContext,19,1,0,72,19,171,67,9,19,2,19,0,0,0,0.157894737,0,0,0,1,1,1
camel,1.4,org.apache.camel.component.file.strategy.RenameFileProcessStrategy,8,2,0,8,25,14,1,7,7,0.642857143,105,1,1,0.666666667,0.326530612,0,0,11.875,1,0.375,1
camel,1.4,org.apache.camel.processor.validation.ValidatingProcessor,19,1,1,7,35,137,1,6,16,0.857142857,183,1,1,0,0.157894737,0,0,8.263157895,2,1,1
camel,1.4,org.apache.camel.model.OptionalIdentifiedType,13,1,3,4,26,58,3,1,10,0.777777778,112,1,1,0,0.472222222,0,0,7.384615385,2,1.0769,1
camel,1.4,org.apache.camel.model.BeanRef,14,4,0,10,27,33,1,9,14,0.653846154,167,1,0,0.932926829,0.3,1,1,10.64285714,5,1.2857,1
camel,1.4,org.apache.camel.impl.ServiceSupport,14,1,31,35,28,49,33,2,7,0.807692308,200,1,0,0,0.380952381,0,0,12.85714286,3,1.2143,1
camel,1.4,org.apache.camel.converter.jaxp.BytesSource,6,2,0,2,14,0,2,0,6,0,52,1,0,0.692307692,0.5,0,0,7.5,1,0.6667,1
camel,1.4,org.apache.camel.component.bean.MethodInvocation,5,1,0,4,5,10,4,0,5,2,5,0,0,0,1,0,0,0,1,1,1
camel,1.4,org.apache.camel.model.UnmarshalType,10,4,0,7,17,13,1,6,10,0.555555556,82,1,1,0.95625,0.375,1,1,7,2,0.8,1
camel,1.4,org.apache.camel.model.ThreadType,29,3,0,5,56,318,1,5,29,0.86038961,342,1,0,0.852272727,0.199233716,1,3,10.4137931,1,0.8966,1
camel,1.4,org.apache.camel.util.CamelContextHelper,13,1,0,24,41,78,15,9,12,2,218,0,0,0,0.461538462,0,0,15.76923077,2,1.2308,1
camel,1.4,org.apache.camel.model.TransformType,5,4,0,7,15,10,1,7,5,2,41,0,0,0.98136646,0.466666667,2,3,7.2,1,0.6,1
camel,1.4,org.apache.camel.builder.xml.Namespaces,11,1,0,8,30,43,4,4,11,1.014285714,163,0.142857143,0,0,0.4,0,0,13.18181818,4,1.2727,1
camel,1.4,org.apache.camel.language.bean.BeanLanguage,3,1,0,6,10,3,0,6,3,2,41,0,0,0,0.833333333,0,0,12.66666667,2,1,1
camel,1.4,org.apache.camel.model.ProceedType,3,4,0,6,5,3,3,3,3,2,12,0,0,0.987096774,0.666666667,1,2,3,1,0.6667,1
camel,1.4,org.apache.camel.processor.aggregate.UseLatestAggregationStrategy,2,1,0,6,3,1,4,2,2,2,7,0,0,0,0.75,0,0,2.5,1,0.5,1
camel,1.4,org.apache.camel.processor.LoggingLevel,4,2,0,13,7,4,12,1,2,0.952380952,89,0.142857143,7,0.857142857,0.444444444,1,1,19.5,1,0.5,1
camel,1.4,org.apache.camel.model.TryType,14,4,0,9,37,73,1,9,13,0.634615385,236,1,1,0.921686747,0.257142857,1,15,15.57142857,6,1.5,1
camel,1.4,org.apache.camel.impl.DefaultComponentResolver,3,1,0,10,22,1,1,9,2,0.5,141,1,1,0,0.666666667,0,0,45.33333333,6,2,1
camel,1.4,org.apache.camel.util.FactoryFinder,16,1,0,9,43,112,5,4,14,0.6,273,1,0,0,0.4875,0,0,15.9375,1,0.875,1
camel,1.4,org.apache.camel.processor.DelegateAsyncProcessor,9,2,1,7,18,0,1,6,7,0.25,66,1,1,0.65,0.388888889,1,1,6.222222222,1,0.7778,1
camel,1.4,org.apache.camel.processor.Delayer,6,4,0,6,17,0,1,5,4,0.4,85,1,1,0.857142857,0.4,1,2,12.83333333,1,0.8333,1
camel,1.4,org.apache.camel.model.CatchType,15,3,0,6,32,61,1,5,14,0.595238095,168,1,0,0.925925926,0.366666667,1,2,10,2,0.9333,1
camel,1.4,org.apache.camel.model.MarshalType,10,4,0,7,17,13,1,6,10,0.555555556,82,1,1,0.95625,0.375,1,1,7,2,0.8,1
camel,1.4,org.apache.camel.component.log.LogComponent,3,3,0,12,17,3,0,12,1,2,67,0,0,0.944444444,0.666666667,1,3,21.33333333,1,0.6667,1
camel,1.4,org.apache.camel.processor.ConvertBodyProcessor,3,1,0,8,18,0,2,6,2,0.5,59,1,0,0,0.666666667,0,0,18,1,0.3333,1
camel,1.4,org.apache.camel.impl.DefaultUnitOfWork,8,1,0,5,21,20,1,4,7,0.942857143,94,1,1,0,0.476190476,0,0,10.125,4,1.75,1
camel,1.4,org.apache.camel.model.NodeFactory,3,1,0,3,6,3,1,2,3,2,14,0,0,0,1,0,0,3.666666667,1,0.6667,1
camel,1.4,org.apache.camel.component.bean.BeanExchange,5,2,0,9,10,10,3,6,5,2,30,0,0,0.926829268,0.36,1,1,5,1,0.6,1
camel,1.4,org.apache.camel.Routes,3,1,0,5,3,3,5,1,3,2,3,0,0,0,0.666666667,0,0,0,1,1,1
camel,1.4,org.apache.camel.InvalidHeaderTypeException,4,5,0,1,13,0,0,1,3,0.833333333,47,1,0,0.894736842,0.5,0,0,10.25,2,0.75,1
camel,1.4,org.apache.camel.processor.UnitOfWorkProcessor,2,3,0,8,8,1,2,7,2,2,31,0,0,0.952380952,0.625,0,0,14.5,2,1,1
camel,1.4,org.apache.camel.impl.SerializationDataFormat,3,1,0,4,9,3,1,3,3,2,21,0,0,0,0.533333333,0,0,6,1,0.6667,1
camel,1.4,org.apache.camel.impl.DefaultRouteContext,21,1,0,22,49,160,3,20,21,0.875,280,1,6,0,0.12244898,0,0,11.85714286,6,1.381,1
camel,1.4,org.apache.camel.impl.converter.AnnotationTypeConverterLoader,8,1,1,14,66,8,2,12,2,0.75,380,0.75,1,0,0.321428571,0,0,46,11,2.125,1
camel,1.4,org.apache.camel.builder.ErrorHandlerBuilder,3,1,0,19,3,3,17,3,3,2,3,0,0,0,0.5,0,0,0,1,1,1
camel,1.4,org.apache.camel.model.dataformat.DataFormatType,10,2,7,17,26,31,11,6,6,0.666666667,156,1,1,0.222222222,0.266666667,0,0,14.4,3,1.2,1
camel,1.4,org.apache.camel.impl.DefaultExchange,42,1,14,27,78,809,16,11,33,0.909756098,489,1,7,0,0.118466899,0,0,10.4047619,4,1.5238,1
camel,1.4,org.apache.camel.model.FilterType,7,4,0,11,16,21,4,7,7,2,45,0,0,0.975308642,0.392857143,3,4,5.428571429,1,0.5714,1
camel,1.4,org.apache.camel.component.seda.ListPollingConsumer,6,3,0,3,9,13,0,3,4,0.4,34,1,0,0.782608696,0.375,1,1,4.5,2,1,1
camel,1.4,org.apache.camel.impl.LoggingExceptionHandler,3,1,0,9,8,1,4,5,3,0,26,1,1,0,0.5,0,0,7.333333333,1,0.3333,1
camel,1.4,org.apache.camel.model.language.LanguageExpression,4,2,0,2,6,4,1,1,4,0.333333333,24,1,0,0.916666667,0.75,1,2,4.75,1,0.5,1
camel,1.4,org.apache.camel.component.jmx.JMXExchange,1,2,0,7,4,0,3,5,1,2,12,0,0,1,1,0,0,11,0,0,1
camel,1.4,org.apache.camel.model.language.MethodCallExpression,9,2,0,6,13,30,1,5,8,0.625,59,1,0,0.785714286,0.518518519,1,4,5.333333333,2,0.7778,1
camel,1.4,org.apache.camel.util.CollectionHelper,3,1,0,2,15,3,2,0,2,2,91,0,0,0,0.444444444,0,0,29.33333333,7,3.3333,1
camel,1.4,org.apache.camel.model.SetBodyType,5,4,0,7,14,10,1,6,5,2,34,0,0,0.98136646,0.466666667,2,4,5.8,1,0.6,1
camel,1.4,org.apache.camel.util.URISupport,15,1,0,3,59,105,3,1,13,2,519,0,0,0,0.28,0,0,33.6,5,1.5333,1
camel,1.4,org.apache.camel.component.seda.QueueComponent,2,4,0,3,5,0,0,3,1,0,13,1,0,1,1,0,0,5,0,0,1
camel,1.4,org.apache.camel.model.RecipientListType,6,4,0,8,16,15,2,6,6,2,39,0,0,0.98136646,0.375,2,3,5.5,1,0.5,1
camel,1.4,org.apache.camel.language.simple.SimpleLanguage,8,1,0,7,32,28,0,7,4,2,237,0,0,0,0.625,0,0,28.625,11,3,1
camel,1.4,org.apache.camel.component.file.FileProcessStrategy,2,1,0,6,2,1,5,2,2,2,2,0,0,0,1,0,0,0,1,1,1
camel,1.4,org.apache.camel.component.jmx.JMXEndpoint,23,2,0,13,49,201,2,13,21,0.918181818,266,1,0,0.534883721,0.176767677,1,1,10.13043478,1,0.8696,1
camel,1.4,org.apache.camel.processor.Logger,17,1,1,15,45,46,7,8,16,0.395833333,444,1,2,0,0.294117647,0,0,24.94117647,8,2.2941,1
camel,1.4,org.apache.camel.processor.TransformProcessor,5,3,0,8,19,0,1,7,4,0.625,56,1,1,0.913043478,0.5,0,0,9.8,1,0.4,1
camel,1.4,org.apache.camel.processor.Resequencer,7,3,0,8,18,21,2,6,4,2,66,0,0,0.882352941,0.326530612,0,0,8.428571429,2,0.7143,1
camel,1.4,org.apache.camel.view.NodeData,3,1,0,16,34,3,3,13,2,1.041666667,461,0.083333333,0,0,0.666666667,0,0,148.6666667,4,2,1
camel,1.4,org.apache.camel.component.jmx.JMXMessage,9,3,0,4,12,30,1,4,9,0.25,50,1,0,0.833333333,0.555555556,2,5,4.444444444,1,0.7778,1
camel,1.4,org.apache.camel.util.ExchangeHelper,22,1,0,39,59,231,24,15,21,2,358,0,0,0,0.333333333,0,0,15.27272727,4,1.4545,1
camel,1.4,org.apache.camel.NoSuchEndpointException,2,5,0,8,6,0,7,1,2,1,21,1,0,0.944444444,0.75,0,0,8.5,1,0.5,1
camel,1.4,org.apache.camel.impl.DefaultConsumer,10,2,17,27,21,17,18,9,7,0.777777778,90,1,4,0.590909091,0.28,1,1,7.6,2,1.1,1
camel,1.4,org.apache.camel.CamelTemplate,2,3,0,3,4,1,0,3,2,2,11,0,0,1,0.833333333,0,0,4.5,0,0,1
camel,1.4,org.apache.camel.component.file.strategy.DeleteFileProcessStrategy,4,2,0,6,16,4,1,5,3,0.666666667,50,1,0,0.857142857,0.466666667,0,0,11.25,1,0.25,1
camel,1.4,org.apache.camel.processor.validation.DefaultValidationErrorHandler,9,1,0,8,22,0,2,6,8,0.46875,149,1,0,0,0.333333333,0,0,15.11111111,3,1,1
camel,1.4,org.apache.camel.impl.DefaultMessage,22,2,13,20,38,181,15,5,17,0.714285714,196,1,0,0.4,0.272727273,1,2,7.818181818,3,1.4545,1
camel,1.4,org.apache.camel.processor.Splitter,5,3,0,11,31,4,1,10,3,0.916666667,125,0.333333333,1,0.884615385,0.377777778,1,2,23.4,3,1,1
camel,1.4,org.apache.camel.component.mock.AssertionClause,10,1,2,10,26,39,4,8,8,0.555555556,108,1,0,0,0.257142857,0,0,9.7,2,1,1
camel,1.4,org.apache.camel.component.file.strategy.NoOpFileProcessStrategy,2,2,0,2,3,1,1,1,2,2,10,0,0,1,0.75,0,0,4,0,0,1
camel,1.4,org.apache.camel.util.IntrospectionSupport,20,1,0,18,86,188,14,4,12,0.894736842,739,1,0,0,0.276315789,0,0,35.9,11,2.5,1
camel,1.4,org.apache.camel.component.cxf.feature.MessageInvokerInterceptor,5,0,0,9,17,10,2,8,2,2,97,0,0,0,0.45,0,0,18.4,2,1,0
camel,1.4,org.apache.camel.builder.script.Groovy,1,1,0,0,1,0,0,0,1,2,1,0,0,0,1,0,0,0,1,1,0
camel,1.4,org.apache.camel.component.jhc.JhcProducer,13,3,0,41,73,50,5,41,5,0.892857143,344,0.714285714,0,0.64516129,0.25,1,1,24.92307692,5,1.6154,0
camel,1.4,org.apache.camel.bam.model.ActivityDefinition,7,2,0,6,13,17,4,2,7,0.75,46,1,1,0.333333333,0.428571429,0,0,5.285714286,1,0.8571,0
camel,1.4,org.apache.camel.impl.ExpressionSupport,6,1,6,11,14,15,7,4,5,2,52,0,0,0,0.541666667,0,0,7.666666667,2,1,0
camel,1.4,org.apache.camel.component.file.remote.FtpEndpoint,10,4,0,11,25,45,3,11,8,1,101,1,0,0.844444444,0.314814815,0,0,9,1,0.7,0
camel,1.4,org.apache.camel.spring.CamelBeanPostProcessor,18,1,0,29,59,119,4,28,6,0.705882353,350,1,1,0,0.235294118,0,0,18.27777778,6,1.6111,0
camel,1.4,org.apache.camel.component.cxf.feature.MessageDataFormatFeature,5,1,0,12,26,2,2,10,3,0.583333333,154,1,0,0.571428571,0.5,1,1,29.2,1,0.6,0
camel,1.4,org.apache.camel.spring.CamelServiceExporterType,1,2,0,1,2,0,0,1,1,2,7,1,0,1,1,0,0,3,0,0,0
camel,1.4,org.apache.camel.component.rmi.RmiProducer,2,3,0,8,11,0,1,8,2,0,37,1,1,0.952380952,0.666666667,0,0,17,1,0.5,0
camel,1.4,org.apache.camel.model.InterceptType,9,4,0,14,40,22,3,12,8,0.708333333,244,1,1,0.950310559,0.259259259,1,2,25.77777778,11,2.2222,0
camel,1.4,org.apache.camel.impl.DefaultExchangeConverter,2,1,0,3,4,1,1,2,2,2,10,0,0,0,0.666666667,0,0,4,1,0.5,0
camel,1.4,org.apache.camel.component.jms.ConsumerType,4,2,0,4,7,4,3,1,2,0.916666667,56,0.25,4,0.857142857,0.444444444,1,1,12,1,0.5,0
camel,1.4,org.apache.camel.component.irc.IrcErrorLogger,9,0,0,5,24,0,1,4,9,0,213,1,0,0,0.37037037,0,0,22.55555556,1,0.8889,0
camel,1.4,org.apache.camel.component.cxf.transport.CamelConduit,14,0,0,16,32,69,4,13,9,0.857142857,165,1,2,0,0.221153846,0,0,10.28571429,3,1.2143,0
camel,1.4,org.apache.camel.component.xmpp.RuntimeXmppException,2,4,0,3,4,1,2,1,2,2,12,1,0,1,0.833333333,0,0,4.5,0,0,0
camel,1.4,org.apache.camel.component.cxf.AsyncProcessorDecorator,4,1,0,9,12,2,3,7,3,0.666666667,52,1,3,0,0.4,0,0,11.25,1,0.75,0
camel,1.4,org.apache.camel.util.DefaultTimeoutMap,18,1,0,5,49,87,1,4,13,0.694117647,317,1,0,0,0.317647059,0,0,16.33333333,5,1.2778,0
camel,1.4,org.apache.camel.spring.factory.BeanEndpointFactory,5,1,0,2,7,4,0,2,4,0.5,25,1,0,0,0.6,0,0,3.8,1,0.8,0
camel,1.4,org.apache.camel.management.InstrumentationInterceptStrategy,2,1,0,6,6,0,1,5,2,0,31,1,0,0,0.625,0,0,14,1,0.5,0
camel,1.4,org.apache.camel.processor.ErrorHandler,0,1,0,2,0,0,1,1,0,2,0,0,0,0,0,0,0,0,0,0,0
camel,1.4,org.apache.camel.component.rmi.RmiRegistryBean,3,2,0,4,7,0,1,3,2,0,27,1,0,0.928571429,0.666666667,1,1,7.666666667,1,0.3333,0
camel,1.4,org.apache.camel.processor.SetHeaderProcessor,5,3,0,8,17,0,1,7,4,0.416666667,82,1,1,0.913043478,0.5,0,0,14.8,1,0.4,0
camel,1.4,org.apache.camel.component.validator.ValidatorComponent,3,4,0,8,15,3,0,8,1,2,52,0,0,0.948717949,0.666666667,2,2,16.33333333,1,0.6667,0
camel,1.4,org.apache.camel.processor.ChoiceProcessor,7,2,0,7,26,0,1,6,5,0.166666667,152,1,1,0.684210526,0.357142857,1,1,20.42857143,4,1.2857,0
camel,1.4,org.apache.camel.processor.loadbalancer.TopicLoadBalancer,3,3,0,7,10,3,4,3,2,2,32,0,0,0.9,0.666666667,0,0,9.666666667,1,0.6667,0
camel,1.4,org.apache.camel.processor.UnmarshalProcessor,2,1,0,6,10,0,1,5,2,0,46,1,1,0,0.666666667,0,0,21.5,1,0.5,0
camel,1.4,org.apache.camel.util.ValueHolder,4,1,0,2,5,0,2,0,4,0.333333333,21,1,0,0,0.75,0,0,4,1,0.5,0
camel,1.4,org.apache.camel.component.cxf.CxfSoapBinding,6,1,0,16,52,9,6,10,3,0.6,297,0.5,0,0,0.35,0,0,48.16666667,7,3.5,0
camel,1.4,org.apache.camel.component.ibatis.IBatisComponent,9,3,0,9,20,26,1,9,6,0.84375,81,0.75,0,0.85,0.325,1,1,7.555555556,2,0.7778,0
camel,1.4,org.apache.camel.component.bean.AmbiguousMethodCallException,2,5,0,3,7,0,1,2,2,0,21,1,0,0.95,0.666666667,0,0,9,1,0.5,0
camel,1.4,org.apache.camel.processor.MarshalProcessor,2,1,0,5,11,0,1,4,2,0,39,1,1,0,0.666666667,0,0,18,1,0.5,0
camel,1.4,org.apache.camel.util.PackageHelper,3,1,0,3,21,1,1,2,1,0.5,88,1,0,0,0.5,0,0,28,5,1.6667,0
camel,1.4,org.apache.camel.scala.dsl.SSplitterType,23,1,0,22,40,247,11,21,23,0.924242424,118,1,3,0,0.178743961,0,0,4,1,0.9565,0
camel,1.4,org.apache.camel.component.seda.CollectionProducer,3,3,0,6,7,0,1,5,3,0,29,1,0,0.909090909,0.533333333,0,0,8.333333333,1,0.6667,0
camel,1.4,org.apache.camel.dataformat.xstream.XStreamDataFormat,10,1,0,9,20,41,0,9,7,0.666666667,96,1,1,0,0.314285714,0,0,8.4,2,1.1,0
camel,1.4,org.apache.camel.component.xmpp.XmppConsumer,5,3,0,14,29,0,1,14,2,0.5,129,1,1,0.88,0.4375,1,1,24.4,5,1.4,0
camel,1.4,org.apache.camel.component.validator.jing.RelaxNGCompactSyntaxComponent,2,5,0,2,5,1,0,2,1,2,15,0,0,0.975,0.625,1,1,6.5,1,0.5,0
camel,1.4,org.apache.camel.impl.converter.InstanceMethodTypeConverter,3,1,0,5,12,0,1,4,3,0.25,54,1,1,0,0.466666667,0,0,16.33333333,2,1,0
camel,1.4,org.apache.camel.component.jpa.JpaConsumer,21,4,0,19,52,160,5,19,13,0.8625,287,1,4,0.641509434,0.166666667,1,2,12.28571429,5,1.6667,0
camel,1.4,org.apache.camel.management.ManagedService,5,1,0,4,11,0,2,2,5,0,43,1,1,0,0.6,0,0,7.4,1,0.8,0
camel,1.4,org.apache.camel.model.language.SimpleExpression,3,2,0,1,5,3,0,1,3,2,12,0,0,0.956521739,0.666666667,1,2,3,1,0.3333,0
camel,1.4,org.apache.camel.component.rmi.RmiConsumer,6,3,0,8,37,3,1,8,4,0.666666667,150,1,1,0.814814815,0.305555556,1,1,23.5,1,0.8333,0
camel,1.4,org.apache.camel.spring.spi.SpringTransactionPolicy,10,1,0,8,17,25,1,7,9,0.722222222,86,1,0,0,0.311111111,0,0,7.2,3,1,0
camel,1.4,org.apache.camel.spring.SpringCamelContext,17,3,1,37,45,112,10,27,11,0.770833333,230,1,1,0.835294118,0.229166667,2,3,12.35294118,5,1.1765,0
camel,1.4,org.apache.camel.scala.Frequency,5,1,0,16,8,6,13,3,5,0.625,31,1,1,0,0.466666667,0,0,4.8,1,0.8,0
camel,1.4,org.apache.camel.component.spring.integration.adapter.CamelTargetAdapter,3,2,0,13,17,3,0,13,3,1,70,1,2,0.75,0.666666667,0,0,21.33333333,3,2,0
camel,1.4,org.apache.camel.component.spring.integration.adapter.CamelSourceAdapter,13,2,0,18,42,26,1,18,9,0.738095238,183,1,2,0.333333333,0.230769231,0,0,12.53846154,5,1.3077,0
camel,1.4,org.apache.camel.spring.EndpointFactoryBean,12,2,0,7,16,46,0,7,11,0.795454545,83,1,2,0.153846154,0.266666667,0,0,5.583333333,2,1,0
camel,1.4,org.apache.camel.util.SystemHelper,4,1,0,4,13,4,1,3,2,0.333333333,39,1,0,0,0.5,0,0,8.5,1,0.5,0
camel,1.4,org.apache.camel.language.LanguageAnnotation,2,1,0,5,2,1,5,0,2,2,2,0,0,0,1,0,0,0,1,1,0
camel,1.4,org.apache.camel.component.spring.integration.SpringIntegrationConsumer,2,4,0,20,32,0,1,20,1,0.333333333,202,1,2,0.971428571,0.666666667,1,1,97,1,0.5,0
camel,1.4,org.apache.camel.component.cxf.transport.CamelConstants,1,1,0,0,2,0,0,0,0,2,23,0,0,0,1,0,0,3,0,0,0
camel,1.4,org.apache.camel.component.file.FileExchange,5,2,0,14,9,0,9,6,5,0,41,1,0,0.926829268,0.44,1,1,7,1,0.6,0
camel,1.4,org.apache.camel.spring.RouteBuilderFinder,9,1,0,9,31,22,1,8,5,0.8125,140,1,2,0,0.285714286,0,0,13.88888889,3,1.2222,0
camel,1.4,org.apache.camel.bam.model.EntitySupport,4,1,3,3,11,0,3,0,4,0.333333333,31,1,0,0,0.625,0,0,6.5,1,0.75,0
camel,1.4,org.apache.camel.component.http.HttpExchange,6,2,0,11,10,9,7,6,5,0.733333333,48,1,1,0.904761905,0.366666667,0,0,6.5,1,0.6667,0
camel,1.4,org.apache.camel.language.juel.JuelLanguage,3,1,0,4,5,3,0,4,3,2,18,0,0,0,0.833333333,0,0,5,1,0.6667,0
camel,1.4,org.apache.camel.scala.Period,5,1,0,16,7,4,14,2,5,0.25,30,1,0,0,0.7,0,0,4.8,1,0.8,0
camel,1.4,org.apache.camel.component.jcr.JcrConverter,5,1,0,4,10,10,0,4,5,2,28,0,0,0,0.36,0,0,4.6,1,0.8,0
camel,1.4,org.apache.camel.impl.StringDataFormat,3,1,0,5,11,0,1,4,3,0,53,1,0,0,0.5,0,0,16.33333333,1,0.6667,0
camel,1.4,org.apache.camel.processor.resequencer.TimeoutHandler,1,1,0,3,1,0,3,1,1,2,1,0,0,0,1,0,0,0,1,1,0
camel,1.4,org.apache.camel.component.cxf.CxfConsumer,5,3,0,18,47,2,2,18,3,0.5,172,1,1,0.846153846,0.466666667,1,1,33,1,0.8,0
camel,1.4,org.apache.camel.component.atom.UpdatedDateFilter,3,1,0,7,13,0,1,6,2,0.5,72,1,0,0,0.6,0,0,22.33333333,6,2,0
camel,1.4,org.apache.camel.builder.script.Python,1,1,0,0,1,0,0,0,1,2,1,0,0,0,1,0,0,0,1,1,0
camel,1.4,org.apache.camel.component.quartz.QuartzEndpoint,28,2,0,25,74,362,3,24,24,0.91005291,323,0.857142857,1,0.479166667,0.148148148,1,2,10.28571429,2,1,0
camel,1.4,org.apache.camel.osgi.OsgiComponentResolver,8,1,0,15,54,0,3,14,2,0.428571429,378,1,0,0,0.342857143,0,0,45.875,5,1.875,0
camel,1.4,org.apache.camel.component.jms.requestor.FailedToProcessResponse,2,5,0,3,7,0,2,1,2,0,25,1,0,0.944444444,0.666666667,0,0,11,1,0.5,0
camel,1.4,org.apache.camel.component.uface.UFaceComponent,2,3,1,4,4,1,2,3,1,2,11,0,0,0.971428571,0.666666667,1,1,4.5,1,0.5,0
camel,1.4,org.apache.camel.builder.PredicateBuilder,17,1,0,21,34,136,4,17,16,2,138,0,0,0,0.196078431,0,0,7.117647059,1,0.9412,0
camel,1.4,org.apache.camel.language.ognl.OgnlLanguage,3,1,0,4,5,3,1,4,3,2,20,0,0,0,0.833333333,0,0,5.666666667,1,0.6667,0
camel,1.4,org.apache.camel.component.mina.MinaEndpoint,15,2,0,20,21,89,6,18,15,0.944444444,123,1,0,0.621621622,0.138095238,1,1,6.6,1,0.9333,0
camel,1.4,org.apache.camel.processor.loadbalancer.LoadBalancerConsumer,3,3,0,5,7,0,1,4,1,0,24,1,1,0.916666667,0.5,1,1,6.666666667,1,0.6667,0
camel,1.4,org.apache.camel.language.bean.RuntimeBeanExpressionException,4,6,0,3,9,0,1,2,4,0.666666667,45,1,1,0.85,0.4375,0,0,9.5,1,0.75,0
camel,1.4,org.apache.camel.spi.Policy,1,1,0,5,1,0,4,1,1,2,1,0,0,0,1,0,0,0,1,1,0
camel,1.4,org.apache.camel.spi.NamespaceAware,1,1,0,6,1,0,6,0,1,2,1,0,0,0,1,0,0,0,1,1,0
camel,1.4,org.apache.camel.model.dataformat.XStreamDataFormat,3,3,0,2,4,1,1,1,3,0.5,15,1,0,0.818181818,0.666666667,0,0,3.666666667,1,0.6667,0
camel,1.4,org.apache.camel.model.Description,5,1,0,1,6,6,1,0,5,0.75,24,1,0,0,0.7,0,0,3.4,1,0.8,0
camel,1.4,org.apache.camel.component.validator.jing.JingValidator,15,1,0,22,47,81,2,20,14,0.867346939,218,1,0,0,0.1875,0,0,13.06666667,2,0.9333,0
camel,1.4,org.apache.camel.NoTypeConversionAvailableException,4,5,0,2,11,0,1,1,4,0.5,52,1,0,0.85,0.5,0,0,11.5,2,1,0
camel,1.4,org.apache.camel.component.spring.integration.adapter.AbstractCamelAdapter,7,1,2,4,8,11,2,2,7,0.777777778,37,1,1,0,0.357142857,0,0,3.857142857,1,0.8571,0
camel,1.4,org.apache.camel.Headers,0,1,0,1,0,0,1,0,0,2,0,0,0,0,0,0,0,0,0,0,0
camel,1.4,org.apache.camel.spring.handler.ScriptDefinitionParser,2,2,0,5,10,0,1,4,1,0,42,1,0,0.875,0.6,0,0,19.5,3,1.5,0
camel,1.4,org.apache.camel.processor.interceptor.Breakpoint,2,1,0,3,3,1,2,1,2,2,6,0,0,0,0.75,0,0,2,1,0.5,0
camel,1.4,org.apache.camel.management.PerformanceCounter,14,2,1,6,22,27,5,1,14,0.798076923,176,1,0,0.1875,0.535714286,0,0,11,5,1.2857,0
camel,1.4,org.apache.camel.processor.interceptor.ExchangeFormatter,1,1,0,6,1,0,5,1,1,2,1,0,0,0,1,0,0,0,1,1,0
camel,1.4,org.apache.camel.processor.idempotent.IdempotentConsumer,10,2,0,11,24,1,1,10,6,0.638888889,126,1,3,0.619047619,0.277777778,1,1,11.2,2,0.9,0
camel,1.4,org.apache.camel.component.jhc.JhcConsumer,7,3,0,14,27,13,5,11,3,0.722222222,95,1,2,0.814814815,0.388888889,1,1,12.14285714,1,0.7143,0
camel,1.4,org.apache.camel.builder.NoRouteBuilder,4,3,0,1,5,4,0,1,3,0.666666667,16,1,1,0.962264151,0.666666667,1,1,2.75,1,0.5,0
camel,1.4,org.apache.camel.impl.converter.ToStringTypeConverter,2,1,0,2,5,1,1,1,2,2,16,0,0,0,0.666666667,0,0,7,3,1.5,0
camel,1.4,org.apache.camel.model.PipelineType,3,4,0,3,5,3,0,3,3,2,12,0,0,0.987096774,0.666666667,1,2,3,1,0.6667,0
camel,1.4,org.apache.camel.model.RouteContainer,2,1,0,2,2,1,2,0,2,2,2,0,0,0,0.75,0,0,0,1,1,0
camel,1.4,org.apache.camel.spi.ExceptionHandler,1,1,0,5,1,0,5,0,1,2,1,0,0,0,1,0,0,0,1,1,0
camel,1.4,org.apache.camel.component.rmi.RmiComponent,3,3,0,4,6,3,1,4,2,2,16,0,0,0.971428571,0.5,1,1,4.333333333,1,0.3333,0
camel,1.4,org.apache.camel.component.cxf.transport.CamelDestination,17,0,0,25,46,102,4,23,9,0.890625,229,0.5,4,0,0.173611111,0,0,12,3,1.2353,0
camel,1.4,org.apache.camel.component.bean.MethodBean,9,1,0,1,14,4,1,0,9,0.625,59,1,0,0,0.288888889,0,0,5.222222222,1,0.7778,0
camel,1.4,org.apache.camel.model.ServiceActivationType,5,1,0,0,7,0,0,0,5,0.5,32,1,0,0,0.466666667,0,0,5,1,0.8,0
camel,1.4,org.apache.camel.util.jndi.CamelInitialContextFactory,2,1,0,1,7,1,0,1,2,2,26,0,0,0,0.75,0,0,12,1,0.5,0
camel,1.4,org.apache.camel.processor.validation.SchemaValidationException,6,6,0,3,16,7,1,2,5,0.8,80,1,0,0.791666667,0.416666667,0,0,11.66666667,3,1.1667,0
camel,1.4,org.apache.camel.impl.ReportingTypeConverterLoader,6,2,0,5,16,7,1,5,2,0.7,59,1,0,0.6,0.36,1,1,8.5,2,0.8333,0
camel,1.4,org.apache.camel.component.mail.MailConverters,3,1,0,0,13,3,0,0,3,2,57,0,0,0,0.444444444,0,0,18,1,0.6667,0
camel,1.4,org.apache.camel.spi.ExchangeConverter,1,1,0,5,1,0,4,1,1,2,1,0,0,0,1,0,0,0,1,1,0
camel,1.4,org.apache.camel.component.dataset.DataSetSupport,15,1,1,7,25,75,1,6,12,0.803571429,139,1,1,0,0.276190476,0,0,8,2,1,0
camel,1.4,org.apache.camel.component.jms.JmsProviderMetadata,8,1,0,5,12,24,3,3,7,0.714285714,68,1,0,0,0.541666667,0,0,7.25,2,1.25,0
camel,1.4,org.apache.camel.component.jms.requestor.DeferredRequestReplyMap,9,1,0,9,28,12,3,9,7,0.65,224,1,4,0,0.275,0,0,23.33333333,4,1.3333,0
camel,1.4,org.apache.camel.component.file.remote.RemoteFileExchange,4,2,0,11,7,0,7,6,4,0,34,1,1,0.95,0.541666667,0,0,7.25,1,0.5,0
camel,1.4,org.apache.camel.component.uface.UFaceEndpoint,3,3,0,6,8,3,1,6,2,2,22,0,0,0.970588235,0.666666667,1,1,6.333333333,1,0.3333,0
camel,1.4,org.apache.camel.component.mina.MinaComponent,13,3,0,34,77,46,3,33,2,0.777777778,672,1,0,0.772727273,0.305555556,2,2,50.46153846,5,2.1538,0
camel,1.4,org.apache.camel.spi.Registry,2,1,0,18,2,1,18,0,2,2,2,0,0,0,0.833333333,0,0,0,1,1,0
camel,1.4,org.apache.camel.component.mail.security.DummyTrustManager,6,1,0,3,14,13,1,2,4,0.4,57,1,0,0,0.666666667,0,0,8.333333333,3,1,0
camel,1.4,org.apache.camel.component.cxf.spring.NamespaceHandler,2,0,0,3,5,1,0,3,2,2,12,0,0,0,1,0,0,5,1,0.5,0
camel,1.4,org.apache.camel.model.language.XPathExpression,7,3,0,6,12,9,2,4,5,0.5,52,1,0,0.84375,0.30952381,1,4,6.285714286,2,1,0
camel,1.4,org.apache.camel.language.XPath,2,1,0,2,2,1,1,1,2,2,2,0,0,0,1,0,0,0,1,1,0
camel,1.4,org.apache.camel.builder.xml.XPathBuilder,49,1,0,20,93,1044,8,17,42,0.915277778,620,1,3,0,0.128728414,0,0,11.34693878,6,1.4082,0
camel,1.4,org.apache.camel.management.ManagedRoute,6,3,0,5,11,7,2,3,5,0.866666667,46,0.666666667,1,0.761904762,0.583333333,0,0,6.166666667,2,1,0
camel,1.4,org.apache.camel.component.http.HttpConsumer,7,3,0,10,14,1,6,5,5,0.333333333,45,1,1,0.785714286,0.428571429,1,1,5.285714286,1,0.8571,0
camel,1.4,org.apache.camel.component.spring.integration.SpringIntegrationEndpoint,19,3,0,16,26,157,4,15,18,0.944444444,111,1,0,0.642857143,0.215277778,1,1,4.526315789,1,0.7895,0
camel,1.4,org.apache.camel.builder.script.ScriptBuilder,57,1,0,14,94,1484,1,13,45,0.666666667,738,1,0,0,0.125,0,0,11.84210526,6,1.2105,0
camel,1.4,org.apache.camel.component.cxf.interceptors.DOMInInterceptor,4,0,0,10,17,2,1,9,3,0.666666667,71,1,2,0,0.833333333,0,0,16,1,0.5,0
camel,1.4,org.apache.camel.builder.script.JavaScript,1,1,0,0,1,0,0,0,1,2,1,0,0,0,1,0,0,0,1,1,0
camel,1.4,org.apache.camel.converter.xmlbeans.XmlBeansConverter,12,1,0,7,22,60,0,7,12,0.727272727,63,1,1,0,0.106060606,0,0,4.166666667,1,0.9167,0
camel,1.4,org.apache.camel.component.quartz.CamelJob,2,1,0,6,8,1,0,6,2,2,23,0,0,0,0.75,0,0,10.5,1,0.5,0
camel,1.4,org.apache.camel.component.stream.StreamProducer,10,3,0,8,46,11,1,8,3,0.80952381,334,1,1,0.714285714,0.314814815,1,1,31.7,1,0.8,0
camel,1.4,org.apache.camel.spring.CamelJMXAgentType,17,2,0,2,18,120,1,1,17,0.9375,84,1,0,0.111111111,0.367647059,0,0,3.470588235,1,0.9412,0
camel,1.4,org.apache.camel.component.jhc.JhcExchange,2,2,0,3,4,1,0,3,2,2,11,0,0,1,0.833333333,0,0,4.5,0,0,0
camel,1.4,org.apache.camel.component.uface.UFaceBrowser,8,1,1,31,42,14,5,30,6,0.761904762,207,1,1,0,0.35,0,0,24.5,1,0.875,0
camel,1.4,org.apache.camel.spi.ComponentResolver,1,1,0,6,1,0,4,2,1,2,1,0,0,0,1,0,0,0,1,1,0
camel,1.4,org.apache.camel.component.jpa.Callback,1,1,0,0,1,0,0,0,1,2,1,0,0,0,1,0,0,0,1,1,0
camel,1.4,org.apache.camel.component.file.remote.RemoteFileMessage,15,3,0,5,22,71,1,5,13,0.785714286,113,1,0,0.729166667,0.35,2,6,6.333333333,2,0.9333,0
camel,1.4,org.apache.camel.spi.UnitOfWork,4,1,0,7,4,6,6,2,4,2,4,0,0,0,0.583333333,0,0,0,1,1,0
camel,1.4,org.apache.camel.impl.ReportingTypeConverterRegistry,4,1,0,3,9,0,0,3,4,0.333333333,34,1,0,0,0.5,0,0,7.25,2,1,0
camel,1.4,org.apache.camel.component.spring.integration.SpringIntegrationBinding,4,1,0,8,10,6,4,4,3,2,31,0,0,0,0.3125,0,0,6.75,1,0.75,0
camel,1.4,org.apache.camel.model.FinallyType,5,4,0,6,12,10,1,5,5,2,28,0,0,0.974522293,0.6,1,1,4.6,1,0.8,0
camel,1.4,org.apache.camel.util.CollectionStringBuffer,6,1,0,6,11,0,6,0,6,0.4,57,1,0,0,0.5,0,0,8,2,0.8333,0
camel,1.4,org.apache.camel.scala.dsl.languages.XPath,1,1,0,4,1,0,2,3,1,2,1,0,0,0,1,0,0,0,1,1,0
camel,1.4,org.apache.camel.model.dataformat.package-info,0,1,0,0,0,0,0,0,0,2,0,0,0,0,0,0,0,0,0,0,0
camel,1.4,org.apache.camel.component.cxf.interceptors.FaultOutInterceptor,4,0,0,14,18,4,2,12,2,0.666666667,88,1,0,0,0.833333333,0,0,20.75,2,0.75,0
