proj,ver,class,wmc,dit,noc,cbo,rfc,lcom,ca,ce,npm,lcom3,loc,dam,moa,mfa,cam,ic,cbm,amc,max_cc,avg_cc,bug
xerces,1.2.0,org.apache.xerces.framework.Version,3,1,0,0,5,1,0,0,2,0.5,14,0,0,0,0.5,0,0,3.333333333,1,0.3333,4
xerces,1.2.0,org.apache.xerces.validators.schema.TraverseSchema,66,1,0,27,209,1255,4,26,8,0.769230769,8696,0.962962963,9,0,0.154871795,0,0,130.3484848,25,1.697,4
xerces,1.2.0,org.apache.xerces.dom.ChildAndParentNode,25,3,3,13,67,34,3,11,14,0.638888889,1120,0.833333333,3,0.684931507,0.205,2,22,43.56,11,2.28,2
xerces,1.2.0,org.w3c.dom.events.DocumentEvent,1,1,0,0,1,0,0,0,1,2,1,0,0,0,1,0,0,0,1,1,2
xerces,1.2.0,org.apache.xerces.dom.ParentNode,25,2,5,14,68,34,5,11,14,0.638888889,1120,0.833333333,3,0.656716418,0.205,1,17,43.56,11,2.28,2
xerces,1.2.0,org.w3c.dom.NamedNodeMap,8,1,0,0,8,28,0,0,8,2,8,0,0,0,0.46875,0,0,0,1,1,2
xerces,1.2.0,org.w3c.dom.Element,16,1,0,0,16,120,0,0,16,2,16,0,0,0,0.645833333,0,0,0,1,1,2
xerces,1.2.0,org.w3c.dom.events.EventListener,1,1,0,0,1,0,0,0,1,2,1,0,0,0,1,0,0,0,1,1,2
xerces,1.2.0,org.w3c.dom.CharacterData,8,1,0,0,8,28,0,0,8,2,8,0,0,0,0.666666667,0,0,0,1,1,2
xerces,1.2.0,org.w3c.dom.events.Event,10,1,0,0,10,45,0,0,10,1.111111111,13,0,0,0,0.4,0,0,0,1,1,2
xerces,1.2.0,org.w3c.dom.DOMException,1,4,1,0,2,0,0,0,1,2,24,0,0,1,1,0,0,7,0,0,2
xerces,1.2.0,org.w3c.dom.events.EventTarget,3,1,0,0,3,3,0,0,3,2,3,0,0,0,0.666666667,0,0,0,1,1,2
xerces,1.2.0,org.w3c.dom.NodeList,2,1,0,0,2,1,0,0,2,2,2,0,0,0,0.75,0,0,0,1,1,2
xerces,1.2.0,org.apache.xerces.dom.AttributeMap,10,2,0,8,43,25,1,8,5,2,592,0,0,0.571428571,0.328571429,1,7,58.2,13,2.8,2
xerces,1.2.0,org.apache.xerces.dom.events.MutationEventImpl,6,2,0,7,8,0,6,1,6,0.981818182,62,0,1,0.642857143,0.375,0,0,7.5,1,0.8333,2
xerces,1.2.0,org.w3c.dom.traversal.DocumentTraversal,2,1,0,0,2,1,0,0,2,2,2,0,0,0,1,0,0,0,1,1,2
xerces,1.2.0,org.w3c.dom.DOMImplementation,3,1,0,0,3,3,0,0,3,2,3,0,0,0,0.777777778,0,0,0,1,1,2
xerces,1.2.0,org.w3c.dom.EntityReference,0,1,0,0,0,0,0,0,0,2,0,0,0,0,0,0,0,0,0,0,2
xerces,1.2.0,org.w3c.dom.Attr,5,1,0,0,5,10,0,0,5,2,5,0,0,0,0.6,0,0,0,1,1,2
xerces,1.2.0,org.apache.xerces.dom.RangeImpl,41,1,0,4,85,0,1,4,26,0.796875,2564,0,7,0,0.222222222,0,0,61.14634146,11,3.0244,2
xerces,1.2.0,org.w3c.dom.CDATASection,0,1,0,0,0,0,0,0,0,2,0,0,0,0,0,0,0,0,0,0,2
xerces,1.2.0,org.apache.xerces.validators.common.DFAContentModel,13,1,0,13,52,30,1,12,7,0.757575758,1444,1,7,0,0.307692308,0,0,108.3846154,3,1.0769,2
xerces,1.2.0,org.apache.xerces.validators.common.XMLValidator,86,1,0,46,255,1993,8,44,51,0.943103448,6176,0.965517241,38,0,0.101328904,0,0,69.46511628,17,1.5581,2
xerces,1.2.0,org.w3c.dom.Document,17,1,0,0,17,136,0,0,17,2,17,0,0,0,0.455882353,0,0,0,1,1,2
xerces,1.2.0,org.w3c.dom.traversal.NodeIterator,7,1,0,0,7,21,0,0,7,2,7,0,0,0,1,0,0,0,1,1,2
xerces,1.2.0,org.w3c.dom.events.EventException,1,4,0,0,2,0,0,0,1,2,10,0,0,1,1,0,0,7,0,0,2
xerces,1.2.0,org.w3c.dom.Node,25,1,0,0,25,300,0,0,25,1.041666667,37,0,0,0,0.33,0,0,0,1,1,2
xerces,1.2.0,org.w3c.dom.Entity,3,1,0,0,3,3,0,0,3,2,3,0,0,0,1,0,0,0,1,1,2
xerces,1.2.0,org.w3c.dom.Text,1,1,0,0,1,0,0,0,1,2,1,0,0,0,1,0,0,0,1,1,2
xerces,1.2.0,org.w3c.dom.traversal.NodeFilter,1,1,0,0,1,0,0,0,1,2,17,0,0,0,1,0,0,0,1,1,2
xerces,1.2.0,org.w3c.dom.Notation,2,1,0,0,2,1,0,0,2,2,2,0,0,0,1,0,0,0,1,1,2
xerces,1.2.0,org.apache.xerces.dom.CharacterDataImpl,14,3,3,10,41,17,3,7,11,0.717948718,333,0.666666667,1,0.806451613,0.480769231,1,2,22.57142857,6,1.5714,2
xerces,1.2.0,org.w3c.dom.DocumentType,6,1,0,0,6,15,0,0,6,2,6,0,0,0,1,0,0,0,1,1,2
xerces,1.2.0,org.w3c.dom.Comment,0,1,0,0,0,0,0,0,0,2,0,0,0,0,0,0,0,0,0,0,2
xerces,1.2.0,org.w3c.dom.traversal.TreeWalker,13,1,0,0,13,78,0,0,13,2,13,0,0,0,0.538461538,0,0,0,1,1,2
xerces,1.2.0,org.apache.xerces.dom.DocumentImpl,62,4,3,53,161,1649,48,25,49,0.926229508,1344,0.916666667,2,0.580882353,0.155107188,2,19,20.48387097,23,1.9516,2
xerces,1.2.0,org.w3c.dom.ProcessingInstruction,3,1,0,0,3,3,0,0,3,2,3,0,0,0,0.666666667,0,0,0,1,1,2
xerces,1.2.0,org.apache.xerces.dom.NodeImpl,66,1,3,25,106,1829,21,9,36,0.967521368,1123,0.833333333,1,0,0.116550117,0,0,15.74242424,31,2.2727,2
xerces,1.2.0,org.w3c.dom.DocumentFragment,0,1,0,0,0,0,0,0,0,2,0,0,0,0,0,0,0,0,0,0,2
xerces,1.2.0,org.w3c.dom.events.MutationEvent,5,1,0,0,5,10,0,0,5,2,5,0,0,0,0.4,0,0,0,1,1,2
xerces,1.2.0,org.apache.xerces.dom.RangeExceptionImpl,1,5,0,1,2,0,1,0,1,2,6,0,0,1,1,0,0,5,0,0,1
xerces,1.2.0,javax.xml.parsers.DocumentBuilderFactory,8,1,1,0,16,14,0,0,6,0.785714286,117,1,0,0,0.571428571,0,0,13.125,1,0.75,1
xerces,1.2.0,org.apache.xerces.dom.NamedNodeMapImpl,22,1,1,9,48,41,6,3,9,0.843537415,579,0.857142857,1,0,0.227272727,0,0,25,7,2.2727,1
xerces,1.2.0,org.apache.xml.serialize.OutputFormat,42,1,0,11,52,695,11,0,42,0.899186992,498,1,0,0,0.257936508,0,0,10.5,12,1.6429,1
xerces,1.2.0,javax.xml.parsers.SAXParser,8,1,1,0,27,28,0,0,7,2,128,0,0,0,0.333333333,0,0,15,1,0.875,1
xerces,1.2.0,org.apache.xerces.dom.NotationImpl,7,2,1,5,12,15,3,3,7,0.916666667,80,0.75,0,0.88,0.523809524,1,4,9.857142857,3,1.8571,1
xerces,1.2.0,org.xml.sax.ext.LexicalHandler,7,1,0,0,7,21,0,0,7,2,7,0,0,0,0.428571429,0,0,0,1,1,1
xerces,1.2.0,org.apache.xerces.dom.AttrImpl,16,4,2,13,46,102,10,6,14,0.933333333,288,0.5,0,0.849462366,0.34375,3,18,16.875,11,2.375,1
xerces,1.2.0,org.apache.xerces.dom.ElementImpl,29,4,4,17,70,124,12,9,24,0.75,598,0.666666667,1,0.73,0.337931034,2,11,19.51724138,6,2.4828,1
xerces,1.2.0,org.apache.xerces.dom.TextImpl,6,3,2,9,21,15,6,4,6,1.2,90,0,0,0.915254237,0.333333333,1,4,13.83333333,2,1.1667,1
xerces,1.2.0,javax.xml.parsers.ParserConfigurationException,2,3,0,0,4,1,0,0,2,2,9,0,0,1,0.75,0,0,3.5,0,0,1
xerces,1.2.0,org.apache.xerces.domx.DOMException,1,5,1,1,2,0,1,0,1,2,8,0,0,1,1,0,0,5,0,0,1
xerces,1.2.0,org.apache.xerces.dom.AttrNSImpl,6,3,1,4,18,3,2,3,4,0.8,192,0.666666667,0,0.9375,0.611111111,3,3,30.5,3,1.3333,1
xerces,1.2.0,org.apache.xerces.jaxp.SAXParserFactoryImpl,2,2,0,1,6,1,0,1,2,2,13,0,0,0.928571429,1,0,0,5.5,1,0.5,1
xerces,1.2.0,javax.xml.parsers.DocumentBuilder,10,1,1,0,15,45,0,0,9,2,53,0,0,0,0.228571429,0,0,4.3,1,0.9,1
xerces,1.2.0,org.apache.xerces.readers.UTF8Reader,41,2,0,13,75,0,1,12,22,0.608823529,7413,0.882352941,3,0.152173913,0.170833333,1,4,179.3902439,2,1.0488,1
xerces,1.2.0,org.apache.xerces.dom.events.EventImpl,11,1,1,3,13,35,3,0,11,0.9,87,0.1,2,0,0.393939394,0,0,6,1,0.9091,1
xerces,1.2.0,org.apache.xerces.dom.DOMImplementationImpl,6,1,2,5,18,13,3,3,5,0.8,127,0,1,0,0.533333333,0,0,20,14,3.3333,1
xerces,1.2.0,org.apache.xerces.readers.DefaultEntityHandler,62,1,0,24,130,753,10,17,39,0.850197852,2272,0.862068966,12,0,0.138248848,0,0,35.17741935,6,1.3226,1
xerces,1.2.0,org.apache.xerces.utils.HexBin,7,1,0,1,9,13,1,0,4,0.875,208,1,0,0,0.25,0,0,28.14285714,4,1.5714,1
xerces,1.2.0,org.apache.xerces.jaxp.SAXParserImpl,5,2,0,2,13,0,1,1,3,0.5,81,1,1,0.863636364,0.6,1,1,14.6,1,0.6,1
xerces,1.2.0,javax.xml.parsers.SAXParserFactory,8,1,1,0,16,14,0,0,6,0.785714286,115,1,0,0,0.571428571,0,0,12.875,1,0.75,1
xerces,1.2.0,org.apache.xerces.dom.ElementNSImpl,6,3,1,4,18,3,2,3,4,0.8,165,0.666666667,0,0.947368421,0.611111111,3,3,26,3,1.3333,1
xerces,1.2.0,org.xml.sax.ext.DeclHandler,4,1,0,0,4,6,0,0,4,2,4,0,0,0,1,0,0,0,1,1,1
xerces,1.2.0,org.apache.xerces.jaxp.DocumentBuilderFactoryImpl,2,2,0,1,6,1,0,1,2,2,13,0,0,0.958333333,1,0,0,5.5,1,0.5,1
xerces,1.2.0,org.apache.xerces.parsers.SAXParser,48,2,1,10,122,568,2,8,41,0.90212766,1384,1,6,0.737142857,0.141337386,2,9,27.625,3,1.0625,1
xerces,1.2.0,org.apache.xerces.dom.DOMExceptionImpl,1,6,0,17,2,0,16,1,1,2,6,0,0,1,1,0,0,5,0,0,1
xerces,1.2.0,org.apache.xerces.validators.datatype.DecimalDatatypeValidator,13,2,0,7,52,58,1,6,8,0.76984127,1337,1,3,0.266666667,0.2,0,0,100.2307692,4,1.0769,1
xerces,1.2.0,javax.xml.parsers.FactoryConfigurationError,5,3,0,0,6,8,0,0,5,0,34,1,0,0.944444444,0.6,0,0,5.6,1,0.2,1
xerces,1.2.0,org.apache.xerces.dom.NodeIteratorImpl,13,1,0,2,24,8,1,2,9,0.6875,374,1,4,0,0.307692308,0,0,27.15384615,11,4.1538,1
xerces,1.2.0,org.apache.xerces.readers.AbstractCharReader,33,2,2,16,70,0,3,14,20,0.565625,3041,1,2,0.184210526,0.174479167,1,3,90.84848485,2,1.0606,1
xerces,1.2.0,org.xml.sax.SAXException,6,3,3,0,10,0,0,0,6,0,54,1,0,0.85,0.555555556,1,2,7.833333333,3,1,0
xerces,1.2.0,org.apache.xerces.parsers.DOMParser,63,2,3,27,225,793,7,20,42,0.872080089,5680,0.896551724,6,0.678947368,0.152073733,2,11,88.6984127,6,1.6984,0
xerces,1.2.0,org.apache.html.dom.HTMLIFrameElementImpl,21,4,0,2,25,210,0,2,21,2,120,0,0,0.824561404,0.523809524,0,0,4.714285714,1,0.9524,0
xerces,1.2.0,org.apache.xerces.validators.datatype.DatatypeValidator,3,1,0,26,3,3,25,1,3,1.5,17,0,0,0,0.666666667,0,0,0,1,1,0
xerces,1.2.0,org.apache.html.dom.HTMLTitleElementImpl,3,4,0,2,14,3,1,2,3,2,60,0,0,0.979166667,0.666666667,0,0,19,3,1.6667,0
xerces,1.2.0,org.apache.wml.dom.WMLSmallElementImpl,7,4,0,3,10,21,0,3,7,2,39,0,0,0.931818182,0.571428571,1,6,4.571428571,1,0.8571,0
xerces,1.2.0,org.apache.html.dom.HTMLButtonElementImpl,12,4,0,3,22,66,0,3,12,2,97,0,0,0.895238095,0.316666667,1,1,7.083333333,3,1.25,0
xerces,1.2.0,org.apache.xerces.utils.regex.REUtil,17,1,0,8,54,134,7,3,5,0.9375,867,0,1,0,0.2125,0,0,49.88235294,19,4.7059,0
xerces,1.2.0,org.apache.xerces.utils.regex.RangeToken,18,2,0,6,35,0,6,1,1,0.680672269,2128,0.142857143,1,0.734375,0.361111111,1,7,116.8333333,17,8,0
xerces,1.2.0,org.apache.xerces.validators.common.CMException,2,3,0,11,3,0,11,0,2,1,13,0.5,0,0.944444444,0.75,0,0,4.5,1,0.5,0
xerces,1.2.0,org.apache.xerces.readers.XMLEntityHandler,10,1,0,22,10,45,20,2,10,1.111111111,51,0,0,0,0.3,0,0,0,1,1,0
xerces,1.2.0,org.apache.wml.dom.WMLStrongElementImpl,7,4,0,3,10,21,0,3,7,2,39,0,0,0.931818182,0.571428571,1,6,4.571428571,1,0.8571,0
xerces,1.2.0,org.apache.xerces.utils.Base64,7,1,0,1,9,13,1,0,6,1.083333333,720,1,0,0,0.25,0,0,100.1428571,11,3.5714,0
xerces,1.2.0,org.xml.sax.Attributes,12,1,0,0,12,66,0,0,12,2,12,0,0,0,0.638888889,0,0,0,1,1,0
xerces,1.2.0,org.apache.xerces.readers.CharReader,4,3,0,6,9,0,1,5,0,0.380952381,583,1,0,0.926829268,0.40625,1,3,143,1,0.75,0
xerces,1.2.0,org.apache.xerces.framework.XMLDocumentHandler,18,1,0,6,18,153,4,2,18,2,18,0,0,0,0.4,0,0,0,1,1,0
xerces,1.2.0,org.apache.html.dom.HTMLObjectElementImpl,35,4,0,3,43,595,0,3,35,2,200,0,0,0.734375,0.308571429,0,0,4.714285714,1,0.9714,0
xerces,1.2.0,org.apache.wml.WMLCardElement,14,1,0,2,14,91,1,1,14,2,14,0,0,0,0.5,0,0,0,1,1,0
xerces,1.2.0,org.apache.xerces.readers.DefaultReaderFactory,9,1,0,11,26,16,1,10,9,0.875,191,1,0,0,0.333333333,0,0,19.66666667,2,1,0
xerces,1.2.0,org.apache.xerces.validators.common.XMLElementDecl,6,1,0,8,12,3,6,2,6,0.763636364,90,0,2,0,0.5,1,1,12.16666667,1,0.6667,0
xerces,1.2.0,org.apache.html.dom.HTMLOListElementImpl,7,4,0,2,14,21,0,2,7,2,42,0,0,0.94,0.342857143,0,0,5,1,0.8571,0
xerces,1.2.0,org.apache.xerces.validators.schema.XUtil,14,1,0,5,50,91,3,2,13,2,486,0,0,0,0.410714286,0,0,33.71428571,5,3.7143,0
xerces,1.2.0,org.apache.xerces.readers.UTF8Recognizer,2,2,0,9,18,0,2,9,1,0,239,1,0,0.75,0.571428571,2,2,118,1,0.5,0
xerces,1.2.0,org.apache.html.dom.HTMLIsIndexElementImpl,3,4,0,2,6,3,0,2,3,2,17,0,0,0.979166667,0.666666667,0,0,4.666666667,1,0.6667,0
xerces,1.2.0,org.apache.xerces.framework.XMLParser,49,1,2,22,121,622,2,20,22,0.915719697,1192,1,11,0,0.113888889,0,0,22.87755102,3,1.0408,0
xerces,1.2.0,org.w3c.dom.html.HTMLBodyElement,12,1,0,0,12,66,0,0,12,2,12,0,0,0,0.75,0,0,0,1,1,0
xerces,1.2.0,org.apache.html.dom.HTMLFormControl,0,1,0,8,0,0,8,0,0,2,0,0,0,0,0,0,0,0,0,0,0
xerces,1.2.0,org.apache.xerces.validators.datatype.BooleanDatatypeValidator,10,2,0,7,29,35,1,6,6,0.708333333,240,1,3,0.363636364,0.263888889,0,0,22.2,1,0.7,0
xerces,1.2.0,org.apache.xerces.readers.StreamingCharReader,34,2,0,14,74,0,1,14,21,0.672727273,2890,1,2,0.179487179,0.160839161,1,3,83.55882353,2,1.0588,0
xerces,1.2.0,org.w3c.dom.html.HTMLFrameSetElement,4,1,0,0,4,6,0,0,4,2,4,0,0,0,0.75,0,0,0,1,1,0
xerces,1.2.0,org.w3c.dom.html.HTMLLIElement,4,1,0,0,4,6,0,0,4,2,4,0,0,0,0.5,0,0,0,1,1,0
xerces,1.2.0,org.apache.xerces.validators.dtd.DTDGrammar,41,2,0,13,77,280,2,11,35,0.903947368,1231,1,10,0.487179487,0.306620209,1,7,28.56097561,3,1.1951,0
xerces,1.2.0,org.apache.wml.WMLOneventElement,2,1,0,2,2,1,1,1,2,2,2,0,0,0,0.75,0,0,0,1,1,0
xerces,1.2.0,org.apache.xerces.validators.datatype.IDREFDatatypeValidator,11,2,0,8,42,33,1,7,7,0.82,327,0.7,2,0.307692308,0.232323232,0,0,27.81818182,6,1.2727,0
xerces,1.2.0,org.apache.xml.serialize.TextSerializer,17,2,0,5,36,128,1,4,11,2,263,0,0,0.777777778,0.192513369,1,10,14.47058824,6,1.8824,0
xerces,1.2.0,org.apache.xerces.validators.common.ContentLeafNameTypeVector,4,1,0,6,6,0,5,1,4,0,73,0,1,0,0.55,0,0,16.5,2,0.5,0
xerces,1.2.0,org.apache.wml.dom.WMLBrElementImpl,7,4,0,3,10,21,0,3,7,2,39,0,0,0.931818182,0.571428571,1,6,4.571428571,1,0.8571,0
xerces,1.2.0,org.w3c.dom.html.HTMLStyleElement,6,1,0,0,6,15,0,0,6,2,6,0,0,0,0.5,0,0,0,1,1,0
xerces,1.2.0,org.w3c.dom.html.HTMLBRElement,2,1,0,0,2,1,0,0,2,2,2,0,0,0,0.75,0,0,0,1,1,0
xerces,1.2.0,org.apache.html.dom.HTMLLabelElementImpl,5,4,0,3,10,10,0,3,5,2,52,0,0,0.959183673,0.6,0,0,9.4,3,1.6,0
xerces,1.2.0,org.apache.html.dom.HTMLUListElementImpl,5,4,0,2,10,10,0,2,5,2,28,0,0,0.959183673,0.45,0,0,4.6,1,0.8,0
xerces,1.2.0,org.apache.xerces.validators.datatype.TimeDurationDatatypeValidator,18,2,0,7,58,141,1,6,10,0.847750865,1937,1,2,0.2,0.189814815,0,0,105.6666667,4,1.1667,0
xerces,1.2.0,org.apache.xerces.utils.URI,42,1,0,3,66,375,2,1,29,0.780487805,1992,1,0,0,0.226480836,0,0,46.14285714,33,3.1429,0
xerces,1.2.0,org.apache.html.dom.HTMLOptGroupElementImpl,5,4,0,2,11,10,0,2,5,2,30,0,0,0.959183673,0.45,0,0,5,1,0.8,0
xerces,1.2.0,org.w3c.dom.html.HTMLTitleElement,2,1,0,0,2,1,0,0,2,2,2,0,0,0,0.75,0,0,0,1,1,0
xerces,1.2.0,org.apache.xerces.validators.datatype.DatatypeValidatorFactoryImpl,11,1,0,23,48,33,5,18,5,0.76,849,0.6,1,0,0.2125,0,0,75.72727273,4,1.0909,0
xerces,1.2.0,org.apache.wml.WMLBigElement,2,1,0,2,2,1,1,1,2,2,2,0,0,0,0.75,0,0,0,1,1,0
xerces,1.2.0,org.apache.xerces.utils.StringHasher,5,1,0,6,7,10,6,0,5,2,107,0,0,0,0.35,0,0,20.4,3,1.8,0
xerces,1.2.0,org.apache.html.dom.HTMLHtmlElementImpl,3,4,0,2,7,3,1,2,3,2,19,0,0,0.979166667,0.666666667,0,0,5.333333333,1,0.6667,0
xerces,1.2.0,org.apache.xml.serialize.LineSeparator,1,1,0,0,2,0,0,0,1,2,8,0,0,0,1,0,0,3,0,0,0
xerces,1.2.0,org.xml.sax.helpers.AttributesImpl,26,1,0,0,40,0,0,0,24,0.08,723,0,0,0,0.528846154,0,0,26.73076923,5,2.6538,0
xerces,1.2.0,org.xml.sax.helpers.ParserAdapter,30,1,0,0,88,177,0,0,24,0.882032668,887,0.736842105,9,0,0.126666667,0,0,27.93333333,4,1.2333,0
xerces,1.2.0,org.w3c.dom.html.HTMLParagraphElement,2,1,0,0,2,1,0,0,2,2,2,0,0,0,0.75,0,0,0,1,1,0
xerces,1.2.0,org.apache.wml.WMLMetaElement,10,1,0,2,10,45,1,1,10,2,10,0,0,0,0.5,0,0,0,1,1,0
xerces,1.2.0,org.apache.wml.WMLStrongElement,2,1,0,2,2,1,1,1,2,2,2,0,0,0,0.75,0,0,0,1,1,0
xerces,1.2.0,org.apache.xerces.validators.common.Grammar,38,1,2,28,77,569,9,19,13,0.900900901,2197,1,9,0,0.152631579,0,0,55.94736842,6,1.9737,0
xerces,1.2.0,org.apache.xerces.validators.datatype.XMLException,5,3,2,2,7,10,2,0,5,2,20,0,0,0.944444444,0.6,0,0,3,1,0.2,0
xerces,1.2.0,org.apache.xml.serialize.SerializerFactoryImpl,6,2,0,7,20,9,1,7,3,0,136,1,0,0.545454545,0.433333333,1,2,21.5,5,1.5,0
xerces,1.2.0,org.apache.wml.dom.WMLOptionElementImpl,13,4,0,3,16,78,0,3,13,2,72,0,0,0.872340426,0.538461538,1,7,4.538461538,1,0.9231,0
xerces,1.2.0,org.apache.xerces.validators.datatype.InvalidDatatypeValueException,8,4,0,19,12,0,18,1,8,0.285714286,64,1,0,0.818181818,0.4375,0,0,6.75,1,0.5,0
xerces,1.2.0,org.apache.wml.WMLPrevElement,0,1,0,2,0,0,1,1,0,2,0,0,0,0,0,0,0,0,0,0,0
xerces,1.2.0,org.w3c.dom.html.HTMLUListElement,4,1,0,0,4,6,0,0,4,2,4,0,0,0,0.5,0,0,0,1,1,0
xerces,1.2.0,org.apache.html.dom.HTMLDListElementImpl,3,4,0,2,6,3,0,2,3,2,17,0,0,0.979166667,0.5,0,0,4.666666667,1,0.6667,0
xerces,1.2.0,org.apache.xerces.dom.DocumentTypeImpl,15,4,1,9,26,57,6,4,14,0.821428571,200,0.875,3,0.848837209,0.383333333,2,6,11.8,2,1.5333,0
xerces,1.2.0,org.w3c.dom.html.HTMLCollection,3,1,0,0,3,3,0,0,3,2,3,0,0,0,0.555555556,0,0,0,1,1,0
xerces,1.2.0,org.apache.xerces.dom.TreeWalkerImpl,20,1,0,1,29,58,1,0,14,0.547368421,547,0.2,3,0,0.31,0,0,26.1,10,3.95,0
xerces,1.2.0,org.apache.wml.dom.WMLOptgroupElementImpl,9,4,0,3,12,36,0,3,9,2,50,0,0,0.911111111,0.555555556,1,6,4.555555556,1,0.8889,0
xerces,1.2.0,org.apache.xml.serialize.Method,1,1,0,0,2,0,0,0,1,2,9,0,0,0,1,0,0,3,0,0,0
xerces,1.2.0,org.apache.wml.WMLSetvarElement,4,1,0,2,4,6,1,1,4,2,4,0,0,0,0.75,0,0,0,1,1,0
xerces,init,org.xml.sax.SAXParseException,8,4,0,0,14,0,0,0,8,0.428571429,98,1,0,0.833333333,0.45,0,0,10.75,1,0.5,2
xerces,init,org.apache.xerces.utils.UTF8DataChunk,21,1,0,6,35,68,1,5,12,0.677272727,1458,0.727272727,4,0,0.271428571,0,0,67.9047619,24,4.7619,0
xerces,init,org.apache.xerces.domx.events.EventListener,1,1,0,4,1,0,3,1,1,2,1,0,0,0,1,0,0,0,1,1,0
xerces,init,org.apache.xerces.parsers.DOMParser,56,2,2,20,207,778,4,17,37,0.856643357,4705,0.961538462,6,0.704918033,0.183471074,2,14,82.55357143,14,1.7679,4
xerces,init,org.apache.xerces.dom.DocumentFragmentImpl,5,2,0,3,8,10,1,3,5,1.25,25,0,0,0.936170213,0.466666667,1,4,3.8,1,0.6,0
xerces,init,org.apache.xerces.validators.datatype.DatatypeValidator,4,1,0,13,4,6,9,4,4,1.333333333,19,0,0,0,0.4,0,0,0,1,1,1
xerces,init,org.apache.xerces.validators.dtd.CMLeaf,9,2,0,7,23,0,3,4,2,0.375,130,1,0,0.533333333,0.416666667,1,2,13.22222222,2,0.8889,0
xerces,init,org.apache.xerces.validators.dtd.CMStateSet,10,1,0,6,19,0,5,1,1,0.066666667,471,0,0,0,0.566666667,0,0,45.6,7,2.8,0
xerces,init,org.w3c.dom.CDATASection,0,1,0,0,0,0,0,0,0,2,0,0,0,0,0,0,0,0,0,0,2
xerces,init,org.w3c.dom.Notation,2,1,0,0,2,1,0,0,2,2,2,0,0,0,1,0,0,0,1,1,2
xerces,init,org.apache.xerces.domx.events.UIEvent,27,1,0,1,27,351,0,1,27,1.038461538,213,0,0,0,0.277777778,0,0,0,1,1,0
xerces,init,org.apache.xerces.validators.datatype.StringValidator,7,1,0,7,8,21,1,6,7,2,16,0,0,0,0.265306122,0,0,1.285714286,1,0.8571,1
xerces,init,org.apache.xerces.utils.ChunkyCharArray,8,1,0,6,17,4,3,3,8,0.653061224,184,1,2,0,0.303571429,0,0,21.125,2,1.5,0
xerces,init,org.apache.xerces.dom.NamedNodeMapImpl,14,1,0,12,51,0,5,8,8,0.557692308,756,0.875,3,0,0.241071429,0,0,52.42857143,16,3.3571,2
xerces,init,org.apache.xerces.dom.CharacterDataImpl,11,2,2,6,26,25,3,4,10,1.05,223,0.5,1,0.814814815,0.477272727,1,1,19.09090909,3,1.3636,1
xerces,init,org.apache.xerces.readers.CharReader,4,3,0,6,9,0,1,5,0,0.380952381,583,1,0,0.926829268,0.40625,1,3,143,1,0.75,0
xerces,init,org.apache.xerces.utils.StringPool,41,1,0,53,61,202,50,4,34,0.871875,2955,0.9375,2,0,0.3375,0,0,70.29268293,9,3.6098,0
xerces,init,org.apache.xerces.readers.XMLEntityReaderFactory,4,1,0,12,8,6,5,7,4,1.333333333,39,1,0,0,0.59375,0,0,8.25,1,0.75,0
xerces,init,org.apache.xerces.readers.XMLCatalogHandler,11,1,1,1,18,15,1,0,11,0.5,102,1,0,0,0.431818182,0,0,8.090909091,1,0.9091,0
xerces,init,org.apache.xerces.validators.datatype.IntegerValidator,11,1,0,8,32,29,1,7,7,0.638461538,595,0.153846154,2,0,0.25,0,0,51.90909091,14,2.0909,0
xerces,init,org.apache.xerces.parsers.SAXParser,48,2,1,5,98,668,1,4,37,0.904255319,1044,1,5,0.737142857,0.145662848,2,10,20.58333333,3,1.0417,9
xerces,init,org.apache.xerces.dom.DeferredDocumentTypeImpl,4,3,0,6,28,0,1,6,1,0.666666667,179,0.5,0,0.947368421,0.5,2,13,43.25,8,2.5,1
xerces,init,org.apache.xerces.dom.NodeImpl,47,1,11,29,87,781,20,14,34,0.910079051,1643,0.818181818,6,0,0.127090301,0,0,33.4893617,31,2.766,3
xerces,init,org.apache.xerces.dom.DeferredCDATASectionImpl,3,5,0,4,6,0,1,4,1,0.75,44,0.5,0,0.969230769,0.555555556,3,22,13,2,1,0
xerces,init,org.apache.xerces.validators.dtd.InsertableElementsInfo,1,1,0,7,2,0,7,0,1,2,12,0,0,0,1,0,0,3,0,0,0
xerces,init,org.apache.xerces.dom.NotationImpl,7,2,1,5,10,9,3,3,7,0.944444444,76,0.666666667,0,0.88,0.571428571,1,3,9.428571429,3,1.7143,0
xerces,init,org.apache.xerces.readers.XMLEntityReader,9,1,5,8,11,0,5,3,5,0.638888889,161,1,2,0,0.466666667,0,0,15.88888889,2,0.8889,1
xerces,init,org.apache.xerces.validators.datatype.IllegalFacetValueException,2,3,0,8,4,1,8,0,2,2,9,0,0,1,0.75,0,0,3.5,0,0,0
xerces,init,org.apache.xerces.validators.dtd.EntityPool,20,1,0,7,31,18,5,3,18,0.811145511,889,0.764705882,2,0,0.28125,0,0,42.6,5,1.95,0
xerces,init,org.apache.xerces.utils.CharDataChunk,19,1,0,9,34,43,4,5,13,0.688888889,549,0.7,4,0,0.277777778,0,0,27.36842105,11,2.6316,0
xerces,init,org.apache.xerces.domx.traversal.TreeWalker,12,1,0,4,12,66,3,1,12,2,12,0,0,0,0.541666667,0,0,0,1,1,0
xerces,init,org.apache.xerces.readers.UCSRecognizer,2,2,0,8,5,1,1,8,1,2,145,0,0,0.75,0.571428571,0,0,71.5,1,0.5,0
xerces,init,org.apache.xerces.dom.events.EventImpl,10,1,1,5,11,27,3,2,10,0.888888889,79,0,2,0,0.4,0,0,6,1,0.9,2
xerces,init,org.xml.sax.EntityResolver,1,1,0,0,1,0,0,0,1,2,1,0,0,0,1,0,0,0,1,1,2
xerces,init,org.apache.xerces.readers.StringReader,29,2,0,9,57,0,1,8,22,0.485714286,2421,0.9,3,0.205882353,0.242857143,1,2,82.13793103,4,1.2759,2
xerces,init,org.apache.xerces.validators.dtd.SimpleContentModel,3,1,0,5,5,0,2,3,3,0,426,0,0,0,0.533333333,0,0,140,1,0.6667,0
xerces,init,org.xml.sax.InputSource,14,1,0,0,15,81,0,0,14,0.876923077,75,1,0,0,0.392857143,0,0,4,1,0.7143,2
xerces,init,org.apache.xerces.validators.datatype.UnknownFacetException,2,3,0,8,4,1,8,0,2,2,9,0,0,1,0.75,0,0,3.5,0,0,0
xerces,init,org.apache.xerces.dom.DeferredAttrImpl,4,3,0,6,15,0,1,6,1,0.666666667,135,0.5,0,0.952380952,0.5,2,16,32.25,4,2,1
xerces,init,org.apache.xerces.utils.StringHasher,5,1,0,5,7,10,5,0,5,2,107,0,0,0,0.35,0,0,20.4,3,1.8,0
xerces,init,org.apache.xerces.domx.traversal.NodeFilter,1,1,0,7,1,0,7,0,1,2,17,0,0,0,1,0,0,0,1,1,0
xerces,init,org.xml.sax.HandlerBase,15,1,0,0,16,105,0,0,15,2,34,0,0,0,0.285714286,0,0,1.266666667,1,0.9333,2
xerces,init,org.xml.sax.helpers.ParserFactory,3,1,0,0,8,3,0,0,3,2,25,0,0,0,0.333333333,0,0,7.333333333,1,0.6667,2
xerces,init,org.apache.xerces.validators.datatype.IllegalFacetException,2,3,0,8,4,1,8,0,2,2,9,0,0,1,0.75,0,0,3.5,0,0,0
xerces,init,org.apache.xerces.validators.dtd.DFAContentModel,8,1,0,11,38,0,2,9,3,0.781512605,1004,1,4,0,0.375,0,0,122.375,2,1,0
xerces,init,org.apache.xerces.validators.schema.DatatypeContentModel,3,1,0,9,15,1,1,8,3,0.5,97,0,3,0,0.458333333,0,0,30,1,0.6667,0
xerces,init,org.apache.xerces.validators.dtd.MixedContentModel,3,1,0,5,5,0,2,3,3,0,173,1,0,0,0.6,0,0,56,1,0.6667,0
xerces,init,org.w3c.dom.ProcessingInstruction,3,1,0,0,3,3,0,0,3,2,3,0,0,0,0.666666667,0,0,0,1,1,2
xerces,init,org.apache.xerces.msg.XMLMessages,3,3,0,0,4,1,0,0,2,0.5,2119,0,0,0.974358974,1,0,0,705,1,0.3333,0
xerces,init,org.apache.xerces.validators.dtd.CMBinOp,6,2,0,6,14,0,3,3,1,0.2,154,1,2,0.615384615,0.416666667,1,2,24.33333333,1,0.8333,0
xerces,init,org.apache.xerces.validators.dtd.CMNode,9,1,3,8,11,20,6,2,0,0.825,77,1,3,0,0.518518519,0,0,7,1,0.8889,0
xerces,init,org.xml.sax.SAXNotRecognizedException,1,4,0,0,2,0,0,0,1,2,5,0,0,1,1,0,0,4,0,0,2
xerces,init,org.apache.xerces.msg.ImplementationMessages,3,3,0,0,4,1,0,0,2,0.5,247,0,0,0.974358974,1,0,0,81,1,0.3333,0
xerces,init,org.apache.xerces.validators.datatype.DatatypeMessageProvider,5,1,0,6,14,0,5,1,4,1.154761905,186,0.095238095,0,0,0.5,0,0,32,9,2.2,0
xerces,init,org.apache.xerces.validators.datatype.InvalidDatatypeValueException,2,3,0,9,4,1,9,0,2,2,9,0,0,1,0.75,0,0,3.5,0,0,0
xerces,init,org.w3c.dom.DocumentType,3,1,0,0,3,3,0,0,3,2,3,0,0,0,1,0,0,0,1,1,2
xerces,init,org.apache.xerces.validators.dtd.DTDValidator,127,1,0,40,255,5157,12,39,72,0.947260625,6193,0.989247312,21,0,0.111479486,0,0,47.03149606,21,1.6929,2
xerces,init,org.apache.xerces.readers.AbstractCharReader,33,2,2,14,69,0,3,12,20,0.534722222,2970,1,2,0.184210526,0.1875,1,3,88.72727273,2,1.0606,2
xerces,init,org.apache.xerces.dom.DeferredElementImpl,4,3,0,6,18,0,1,6,1,0.666666667,156,0.5,0,0.96,0.5,2,16,37.5,4,2.25,0
xerces,init,org.apache.xerces.domx.traversal.DocumentTWIF,1,1,0,2,1,0,0,2,1,2,1,0,0,0,1,0,0,0,1,1,0
xerces,init,org.apache.xerces.dom.CDATASectionImpl,4,4,1,3,7,6,2,2,4,1.333333333,20,0,0,0.952380952,0.4375,1,5,3.75,1,0.75,0
xerces,init,org.apache.xerces.framework.XMLValidator,23,1,0,6,23,253,5,1,23,2,23,0,0,0,0.376811594,0,0,0,1,1,1
xerces,init,org.w3c.dom.EntityReference,0,1,0,0,0,0,0,0,0,2,0,0,0,0,0,0,0,0,0,0,2
xerces,init,org.xml.sax.DTDHandler,2,1,0,0,2,1,0,0,2,2,2,0,0,0,1,0,0,0,1,1,2
xerces,init,org.xml.sax.helpers.ConfigurableParserAdapter,12,1,0,0,28,0,0,0,12,0.5,150,1,2,0,0.196969697,0,0,11.33333333,1,0.9167,1
xerces,init,org.w3c.dom.Node,18,1,0,0,18,153,0,0,18,1.058823529,30,0,0,0,0.333333333,0,0,0,1,1,2
xerces,init,org.apache.xerces.dom.DeferredCommentImpl,3,4,0,4,5,0,1,4,1,0.75,33,0.5,0,0.966101695,0.555555556,2,16,9.333333333,1,0.6667,0
xerces,init,org.apache.xerces.dom.DeferredTextImpl,3,4,0,4,13,0,1,4,1,0.75,109,0.5,0,0.967741935,0.555555556,3,22,34.66666667,9,3.3333,0
xerces,init,org.w3c.dom.Entity,3,1,0,0,3,3,0,0,3,2,3,0,0,0,1,0,0,0,1,1,2
xerces,init,org.apache.xerces.validators.dtd.CMUniOp,5,2,0,6,11,0,3,3,1,0.25,60,1,1,0.666666667,0.45,1,2,10.8,1,0.8,0
xerces,init,org.apache.xerces.dom.EntityReferenceImpl,4,2,1,4,7,6,2,3,4,1.333333333,24,0,0,0.936170213,0.5,1,3,4.75,1,0.75,0
xerces,init,org.apache.xerces.dom.ElementImpl,30,2,1,11,73,0,7,8,27,0.879310345,624,0.833333333,1,0.611111111,0.34,1,13,19.6,6,1.9333,1
xerces,init,org.apache.xerces.dom.TextImpl,7,3,2,8,17,13,5,4,7,1,97,0.5,0,0.9,0.342857143,1,5,12.57142857,2,1.1429,0
xerces,init,org.apache.xerces.domx.DOMException,1,5,1,1,2,0,1,0,1,2,9,0,0,1,1,0,0,5,0,0,1
xerces,init,org.w3c.dom.DocumentFragment,0,1,0,0,0,0,0,0,0,2,0,0,0,0,0,0,0,0,0,0,2
xerces,init,org.apache.xerces.readers.UTF8CharReader,9,3,0,5,16,0,0,5,0,0.579545455,1583,1,0,0.826086957,0.366666667,1,3,173.6666667,1,0.8889,0
xerces,init,org.xml.sax.helpers.AttributeListImpl,12,1,0,0,24,0,0,0,12,0.303030303,166,0,0,0,0.4375,0,0,12.58333333,2,1,2
xerces,init,org.w3c.dom.Comment,0,1,0,0,0,0,0,0,0,2,0,0,0,0,0,0,0,0,0,0,2
xerces,init,org.apache.xerces.utils.NamespacesScope,5,1,0,3,9,0,2,1,5,0.166666667,233,1,1,0,0.533333333,0,0,45,4,1.4,0
xerces,init,org.apache.xerces.validators.dtd.XMLContentModel,2,1,0,8,2,1,7,1,2,2,2,0,0,0,0.6,0,0,0,1,1,0
xerces,init,org.apache.xerces.dom.traversal.NodeIteratorImpl,12,1,0,5,23,8,2,4,8,0.670454545,370,1,4,0,0.319444444,0,0,29.16666667,11,4.4167,1
xerces,init,org.xml.sax.misc.DeclHandler,4,1,0,0,4,6,0,0,4,2,4,0,0,0,1,0,0,0,1,1,0
xerces,init,org.apache.xerces.dom.ProcessingInstructionImpl,6,2,1,3,10,9,2,2,6,1.2,48,0,0,0.897959184,0.416666667,1,4,6.833333333,2,1.3333,0
xerces,init,org.xml.sax.SAXException,6,3,3,0,8,0,0,0,6,0.1,54,1,0,0.85,0.555555556,1,2,7.666666667,3,0.8333,2
xerces,init,org.apache.xerces.framework.Version,3,1,0,0,5,1,0,0,2,0.5,14,0,0,0,0.5,0,0,3.333333333,1,0.3333,5
xerces,init,org.apache.xerces.validators.datatype.InternalDatatypeValidator,2,1,0,10,2,1,5,5,2,2,2,0,0,0,0.666666667,0,0,0,1,1,0
xerces,init,org.w3c.dom.DOMException,1,4,1,0,2,0,0,0,1,2,19,0,0,1,1,0,0,7,0,0,3
xerces,init,org.apache.xerces.domx.XGrammarWriter,46,1,0,4,115,683,0,4,27,0.838888889,2103,1,2,0,0.137777778,0,0,44.54347826,19,4.0435,0
xerces,init,org.apache.xerces.framework.XMLErrorReporter,3,1,0,21,3,3,21,0,3,1.5,6,0,0,0,0.533333333,0,0,0,1,1,1
xerces,init,org.apache.xerces.validators.datatype.BooleanValidator,8,1,0,8,18,26,1,7,7,0.714285714,74,1,1,0,0.25,0,0,8,1,0.875,0
xerces,init,org.apache.xerces.utils.ChunkyByteArray,7,2,0,7,11,0,7,0,6,0.75,252,1,0,0.6,0.428571429,1,2,33.85714286,2,1,0
xerces,init,org.apache.xerces.readers.XMLEntityHandler,18,1,0,20,18,153,19,1,18,1.058823529,59,0,0,0,0.296296296,0,0,0,1,1,1
xerces,init,org.apache.xerces.validators.schema.SchemaMessageProvider,5,1,0,2,14,0,1,1,4,1.178571429,221,0.071428571,0,0,0.5,0,0,37.6,9,2.2,0
xerces,init,org.w3c.dom.NodeList,2,1,0,0,2,1,0,0,2,2,2,0,0,0,0.75,0,0,0,1,1,2
xerces,init,org.apache.xerces.msg.DatatypeMessages,3,3,0,0,4,1,0,0,2,0.5,208,0,0,0.974358974,1,0,0,68,1,0.3333,0
xerces,init,org.apache.xerces.readers.MIME2Java,4,1,0,3,9,2,3,0,2,0.666666667,395,1,0,0,0.5,0,0,97.25,1,0.5,0
xerces,init,org.xml.sax.helpers.LocatorImpl,10,1,0,0,15,37,0,0,10,0.777777778,64,1,0,0,0.375,0,0,5,1,0.8,2
xerces,init,org.apache.xerces.domx.traversal.NodeIterator,6,1,0,5,6,15,4,1,6,2,6,0,0,0,1,0,0,0,1,1,0
xerces,init,org.apache.xerces.domx.events.MutationEvent,5,1,0,4,5,10,3,1,5,2,5,0,0,0,0.4,0,0,0,1,1,0
xerces,init,org.apache.xerces.msg.SchemaMessages,3,3,0,0,4,1,0,0,2,0.5,286,0,0,0.974358974,1,0,0,94,1,0.3333,2
xerces,init,org.apache.xerces.readers.EBCDICRecognizer,2,2,0,8,14,1,1,8,1,2,135,0,0,0.75,0.571428571,2,2,66.5,1,0.5,0
xerces,init,org.w3c.dom.NamedNodeMap,5,1,0,0,5,10,0,0,5,2,5,0,0,0,0.45,0,0,0,1,1,2
xerces,init,org.apache.xerces.validators.schema.XUtil,10,1,0,5,44,45,3,2,9,2,377,0,0,0,0.4,0,0,36.7,5,3.5,0
xerces,init,org.apache.xerces.utils.ImplementationMessages,5,1,0,5,14,0,4,1,4,1.159090909,205,0.136363636,0,0,0.5,0,0,35.6,9,2.2,0
xerces,init,org.apache.xerces.dom.events.MutationEventImpl,6,2,0,5,8,0,3,2,6,0.981818182,62,0,1,0.642857143,0.375,0,0,7.5,1,0.8333,1
xerces,init,org.w3c.dom.Element,9,1,0,0,9,36,0,0,9,2,9,0,0,0,0.592592593,0,0,0,1,1,2
xerces,init,org.xml.sax.SAXNotSupportedException,1,4,0,0,2,0,0,0,1,2,5,0,0,1,1,0,0,4,0,0,2
xerces,init,org.xml.sax.Parser,7,1,0,0,7,21,0,0,7,2,7,0,0,0,0.25,0,0,0,1,1,2
xerces,init,org.w3c.dom.Document,12,1,0,0,12,66,0,0,12,2,12,0,0,0,0.833333333,0,0,0,1,1,2
xerces,init,org.apache.xerces.readers.UTF8Reader,41,2,0,11,74,0,1,10,22,0.596875,7275,0.875,3,0.152173913,0.181818182,1,4,176.0487805,2,1.0488,5
xerces,init,org.apache.xerces.domx.events.DocumentEvent,1,1,0,2,1,0,1,1,1,2,1,0,0,0,1,0,0,0,1,1,0
xerces,init,org.apache.xerces.utils.SymbolCache,6,1,0,2,11,0,2,0,6,0.844444444,608,0,0,0,0.458333333,0,0,98.83333333,8,2.5,0
xerces,init,org.apache.xerces.validators.schema.XSchemaValidator,100,1,0,31,240,2870,4,30,53,0.973956432,6081,1,9,0,0.135625,0,0,58.98,11,1.48,1
xerces,init,org.xml.sax.AttributeList,6,1,0,0,6,15,0,0,6,2,6,0,0,0,0.611111111,0,0,0,1,1,2
xerces,init,org.apache.xerces.dom.DOMImplementationImpl,6,1,0,3,16,13,1,3,5,0.8,75,0,1,0,0.533333333,0,0,11.33333333,4,1.3333,2
xerces,init,org.apache.xerces.validators.dtd.ElementDeclPool,36,1,0,7,70,112,2,5,30,0.869387755,3206,1,3,0,0.24691358,0,0,87.08333333,9,3.1667,0
xerces,init,org.apache.xerces.domx.traversal.DocumentTraversal,2,1,0,4,2,1,1,3,2,2,2,0,0,0,1,0,0,0,1,1,0
xerces,init,org.apache.xerces.dom.DocumentImpl,48,2,1,41,121,1072,30,26,47,0.939209726,959,0.857142857,2,0.5,0.179924242,1,9,18.83333333,23,1.9167,8
xerces,init,org.w3c.dom.DOMImplementation,1,1,0,0,1,0,0,0,1,2,1,0,0,0,1,0,0,0,1,1,2
xerces,init,org.apache.xerces.domx.events.Event,9,1,0,9,9,36,9,1,9,1.125,12,0,0,0,0.407407407,0,0,0,1,1,0
xerces,init,org.apache.xerces.utils.XMLCharacterProperties,10,1,0,12,13,5,12,0,8,0.908496732,7825,0.176470588,0,0,0.25,0,0,779.8,9,4.7,0
xerces,init,org.apache.xerces.readers.UCSReader,31,2,0,13,58,0,1,12,24,0.814583333,2499,0.625,3,0.194444444,0.203030303,1,4,79.09677419,5,1.2581,2
xerces,init,org.xml.sax.misc.LexicalHandler,7,1,0,0,7,21,0,0,7,2,7,0,0,0,0.428571429,0,0,0,1,1,0
xerces,init,org.apache.xerces.dom.DeepNodeListImpl,5,1,0,3,19,0,2,2,4,0.25,206,1,1,0,0.44,0,0,39,16,4.8,0
xerces,init,org.apache.xerces.dom.EntityImpl,10,2,1,5,13,15,3,3,10,0.944444444,81,0.75,0,0.830188679,0.533333333,1,4,6.7,2,1.5,0
xerces,init,org.apache.xerces.dom.DeferredEntityReferenceImpl,4,3,0,4,17,0,1,4,1,0.666666667,118,0.5,0,0.94,0.5,1,13,28,7,2.25,0
xerces,init,org.xml.sax.Locator,4,1,0,0,4,6,0,0,4,2,4,0,0,0,1,0,0,0,1,1,2
xerces,init,org.apache.xerces.readers.XCatalog,8,2,0,2,32,10,1,2,7,1.040816327,223,0.214285714,0,0.588235294,0.46875,1,1,25.125,6,1.5,1
xerces,init,org.apache.xerces.dom.AttrImpl,18,2,1,10,40,67,8,4,16,0.911764706,283,0.833333333,0,0.733333333,0.361111111,1,9,14.38888889,6,1.5556,2
xerces,init,org.xml.sax.Configurable,4,1,0,0,4,6,0,0,4,2,4,0,0,0,0.625,0,0,0,1,1,1
xerces,init,org.w3c.dom.CharacterData,8,1,0,0,8,28,0,0,8,2,8,0,0,0,0.666666667,0,0,0,1,1,2
xerces,init,org.apache.xerces.parsers.RevalidatingDOMParser,8,3,0,5,23,26,0,5,2,1.142857143,265,1,0,0.963157895,0.296875,0,0,32,8,3,0
xerces,init,org.apache.xerces.dom.traversal.TreeWalkerImpl,19,1,0,3,28,47,1,2,13,0.533333333,530,0.2,3,0,0.315789474,0,0,26.63157895,10,4.0526,1
xerces,init,org.xml.sax.misc.NamespaceHandler,2,1,0,0,2,1,0,0,2,2,2,0,0,0,1,0,0,0,1,1,0
xerces,init,org.apache.xerces.validators.dtd.CMException,2,3,0,10,3,0,10,0,2,1,13,0.5,0,0.944444444,0.75,0,0,4.5,1,0.5,0
xerces,init,org.apache.xerces.dom.DeferredProcessingInstructionImpl,3,3,0,4,6,0,1,4,1,0.75,40,0.5,0,0.960784314,0.555555556,2,13,11.66666667,1,0.6667,0
xerces,init,org.apache.xerces.validators.datatype.RealValidator,11,1,0,8,33,29,1,7,7,0.676470588,680,0.117647059,2,0,0.222222222,0,0,59.27272727,20,2.6364,0
xerces,init,org.apache.xerces.dom.DeferredEntityImpl,4,3,0,5,15,0,1,5,1,0.666666667,95,0.5,0,0.946428571,0.5,2,17,22.25,2,1,0
xerces,init,org.apache.xerces.readers.UTF8Recognizer,2,2,0,9,17,1,2,9,1,2,174,0,0,0.75,0.571428571,2,2,86,1,0.5,1
xerces,init,org.apache.xerces.framework.XMLDocumentScanner,27,1,0,13,66,117,6,8,8,0.936493739,2149,0.069767442,7,0,0.230769231,0,0,77,2,1,2
xerces,init,org.apache.xerces.framework.XMLParser,131,1,2,29,288,7155,4,27,83,0.943123543,3694,1,22,0,0.095546559,0,0,26.69465649,6,1.1603,11
xerces,init,org.apache.xerces.dom.DeferredNode,1,1,0,12,1,0,12,0,1,2,1,0,0,0,1,0,0,0,1,1,0
xerces,init,org.xml.sax.DocumentHandler,8,1,0,0,8,28,0,0,8,2,8,0,0,0,0.354166667,0,0,0,1,1,2
xerces,init,org.apache.xerces.dom.DeferredDocumentImpl,44,3,0,20,76,418,12,19,35,0.80730897,2223,0.952380952,1,0.682170543,0.224747475,2,16,49.04545455,10,2.7727,2
xerces,init,org.apache.xerces.framework.XMLContentSpecNode,1,1,0,7,2,0,7,0,1,2,13,0,0,0,1,0,0,3,0,0,1
xerces,init,org.apache.xerces.dom.DocumentTypeImpl,12,2,1,9,20,26,6,4,12,0.803030303,159,0.833333333,3,0.814814815,0.395833333,1,4,11.75,2,1.4167,2
xerces,init,org.apache.xerces.validators.datatype.DecimalValidator,11,1,0,8,34,29,1,7,7,0.638461538,610,0.153846154,2,0,0.222222222,0,0,53.27272727,14,2.0909,1
xerces,init,org.apache.xerces.framework.XMLDTDScanner,51,1,0,7,121,321,1,6,11,0.905185185,5945,1,6,0,0.165454545,0,0,113.9803922,3,1.0588,5
xerces,init,org.apache.xerces.dom.LCount,3,1,0,3,7,1,3,0,0,0.5,42,0,0,0,0.5,0,0,11.66666667,2,0.6667,1
xerces,init,org.w3c.dom.Attr,4,1,0,0,4,6,0,0,4,2,4,0,0,0,0.625,0,0,0,1,1,2
xerces,init,org.apache.xerces.framework.XMLAttrList,21,1,0,9,27,0,8,1,20,0.806666667,838,1,1,0,0.371428571,0,0,38.19047619,6,2.8095,2
xerces,init,org.xml.sax.ErrorHandler,3,1,0,0,3,3,0,0,3,2,3,0,0,0,1,0,0,0,1,1,2
xerces,init,org.w3c.dom.Text,1,1,0,0,1,0,0,0,1,2,1,0,0,0,1,0,0,0,1,1,2
