proj,ver,class,wmc,dit,noc,cbo,rfc,lcom,ca,ce,npm,lcom3,loc,dam,moa,mfa,cam,ic,cbm,amc,max_cc,avg_cc,bug
ant,1.4,org.apache.tools.ant.taskdefs.ExecTask,23,3,1,18,69,163,4,14,14,0.846153846,514,1,2,0.637931034,0.198863636,0,0,20.7826087,3,1.0435,3
ant,1.4,org.apache.tools.ant.taskdefs.Ant,13,3,0,10,78,8,1,9,9,0.75,502,0.714285714,1,0.755102041,0.384615385,2,3,37.07692308,8,2,3
ant,1.4,org.apache.tools.ant.taskdefs.DependSet,6,4,0,8,34,0,0,8,6,0.6,493,1,0,0.939759036,0.555555556,1,1,80.5,1,0.8333,2
ant,1.4,org.apache.tools.ant.taskdefs.Exit,4,3,0,5,12,0,0,5,4,0.333333333,48,1,0,0.925,0.75,0,0,10.75,1,0.75,2
ant,1.4,org.apache.tools.ant.taskdefs.Copy,20,3,1,16,74,92,1,15,14,0.824561404,720,1,2,0.660714286,0.225,2,2,34.25,13,1.95,2
ant,1.4,org.apache.tools.ant.taskdefs.ExecuteOn,15,4,2,18,55,37,2,16,9,0.728571429,730,1,4,0.846153846,0.193333333,3,7,47,12,2.4667,1
ant,1.4,org.apache.tools.ant.taskdefs.SQLExec,26,3,0,15,108,233,1,15,22,0.902608696,1156,1,2,0.596774194,0.16025641,3,3,42.57692308,7,1.2692,1
ant,1.4,org.apache.tools.ant.taskdefs.GenerateKey,14,3,0,7,33,65,0,7,14,0.91025641,404,1,1,0.74,0.595238095,2,3,27,2,1,1
ant,1.4,org.apache.tools.ant.taskdefs.Execute,21,1,0,27,78,158,11,17,15,0.735714286,659,0.928571429,5,0,0.145,0,0,29.71428571,7,1.6667,1
ant,1.4,org.apache.tools.ant.DefaultLogger,14,1,1,9,34,47,4,5,12,0.824175824,279,1,0,0,0.307692308,0,0,18.42857143,6,1.8571,1
ant,1.4,org.apache.tools.ant.taskdefs.condition.Condition,1,1,0,9,1,0,8,1,1,2,1,0,0,0,1,0,0,0,1,1,1
ant,1.4,org.apache.tools.ant.types.Description,2,3,0,3,8,1,0,3,2,2,28,0,0,0.967741935,0.75,0,0,13,2,1,1
ant,1.4,org.apache.tools.ant.taskdefs.condition.Equals,4,1,0,3,7,2,1,2,4,0.666666667,34,1,0,0,0.75,0,0,7,1,0.75,1
ant,1.4,org.apache.tools.ant.taskdefs.condition.Not,2,3,0,3,8,1,1,3,2,2,33,0,0,0.96969697,1,0,0,15.5,1,0.5,1
ant,1.4,org.apache.tools.ant.taskdefs.rmic.SunRmic,3,2,0,8,22,3,1,7,2,1,152,0,0,0.866666667,0.5,0,0,48.66666667,1,0.6667,1
ant,1.4,org.apache.tools.ant.taskdefs.AntStructure,10,3,0,7,60,41,0,7,3,0.9,748,0.6,0,0.804347826,0.285714286,0,0,72.8,7,2.1,1
ant,1.4,org.apache.tools.ant.taskdefs.Replace,20,4,0,7,71,102,2,7,14,0.821052632,677,1,2,0.804123711,0.3,2,2,32.35,5,1.25,1
ant,1.4,org.apache.tools.ant.taskdefs.condition.Or,2,3,0,3,7,1,1,3,2,2,23,0,0,0.96969697,1,0,0,10.5,1,0.5,1
ant,1.4,org.apache.tools.ant.taskdefs.rmic.KaffeRmic,3,2,0,7,19,3,1,6,2,1,96,0,0,0.866666667,0.5,0,0,30.66666667,1,0.6667,1
ant,1.4,org.apache.tools.ant.taskdefs.Chmod,16,5,0,13,55,26,0,13,14,0.577777778,275,1,1,0.87704918,0.390625,3,6,16,5,1.375,1
ant,1.4,org.apache.tools.ant.taskdefs.condition.And,2,3,0,3,7,1,1,3,2,2,23,0,0,0.96969697,1,0,0,10.5,1,0.5,1
ant,1.4,org.apache.tools.ant.taskdefs.Recorder,8,3,0,9,32,6,0,9,6,0.685714286,201,1,0,0.860465116,0.30952381,1,1,23.5,6,1.5,1
ant,1.4,org.apache.tools.ant.listener.Log4jListener,9,1,0,7,34,0,0,7,8,0.75,298,0.25,0,0,0.592592593,0,0,31.66666667,5,2.7778,1
ant,1.4,org.apache.tools.ant.taskdefs.Cvs,15,3,0,15,54,59,0,15,15,0.880952381,398,1,1,0.725490196,0.373333333,0,0,24.73333333,3,1.3333,1
ant,1.4,org.apache.tools.ant.types.CommandlineJava,26,1,0,9,62,119,1,8,24,0.68,437,1,4,0,0.317307692,0,0,15.53846154,6,1.6923,1
ant,1.4,org.apache.tools.ant.taskdefs.rmic.WLRmic,5,2,0,7,18,10,1,6,4,1,95,0,0,0.764705882,0.5,0,0,17.8,1,0.8,1
ant,1.4,org.apache.tools.ant.taskdefs.rmic.RmicAdapterFactory,3,1,0,7,15,3,1,6,1,2,112,0,0,0,0.444444444,0,0,36.33333333,1,0.6667,1
ant,1.4,org.apache.tools.ant.taskdefs.condition.ConditionBase,13,1,4,11,18,0,5,10,9,0.583333333,78,1,1,0,0.161538462,0,0,4.846153846,1,0.9231,1
ant,1.4,org.apache.tools.ant.taskdefs.CallTarget,8,3,0,8,28,0,0,8,6,0.678571429,128,1,1,0.840909091,0.5,2,4,14.5,3,1.375,1
ant,1.4,org.apache.tools.ant.taskdefs.rmic.RmicAdapter,4,1,0,6,4,6,3,4,4,2,4,0,0,0,0.625,0,0,0,1,1,1
ant,1.4,org.apache.tools.ant.taskdefs.UpToDate,10,4,0,14,35,11,1,13,8,0.711111111,216,1,1,0.896551724,0.32,1,1,20.1,10,2.1,1
ant,1.4,org.apache.tools.ant.taskdefs.Javac,50,4,1,24,82,1091,11,14,47,0.959183673,646,1,4,0.614173228,0.214285714,3,3,11.5,7,1.3,1
ant,1.4,org.apache.tools.ant.taskdefs.Move,5,4,0,10,42,10,0,10,1,2,481,0,0,0.952380952,0.6,4,6,95.2,15,5.2,1
ant,1.4,org.apache.tools.ant.taskdefs.compilers.CompilerAdapterFactory,3,1,0,12,20,3,1,11,1,2,165,0,0,0,0.444444444,0,0,54,1,0.6667,1
ant,1.4,org.apache.tools.ant.taskdefs.ConditionTask,4,3,0,4,12,0,0,4,4,0.5,54,1,0,0.914285714,0.75,0,0,12,1,0.75,1
ant,1.4,org.apache.tools.ant.taskdefs.Expand,6,4,0,9,48,5,0,9,5,0.666666667,300,1,0,0.939759036,0.458333333,4,5,48.5,10,2.3333,1
ant,1.4,org.apache.tools.ant.taskdefs.Property,26,3,0,12,74,265,2,10,20,0.885,643,1,2,0.596774194,0.230769231,0,0,23.42307692,4,1.4615,1
ant,1.4,org.apache.tools.ant.taskdefs.condition.Os,3,1,0,3,14,1,1,2,3,0.5,97,1,0,0,0.666666667,0,0,31,1,0.6667,1
ant,1.4,org.apache.tools.ant.taskdefs.SendEmail,8,3,0,5,41,10,0,5,8,0.80952381,236,1,0,0.840909091,0.875,1,1,27.75,14,2.625,1
ant,1.4,org.apache.tools.ant.taskdefs.compilers.DefaultCompilerAdapter,11,1,8,22,86,15,8,14,4,0.728571429,887,1,7,0,0.266666667,0,0,77.72727273,22,4.6364,1
ant,1.4,org.apache.tools.ant.taskdefs.PathConvert,14,3,0,8,41,33,1,8,10,0.760683761,385,1,2,0.74,0.357142857,1,1,25.85714286,4,1.5714,0
ant,1.4,org.apache.tools.ant.taskdefs.Untar,5,3,0,9,43,0,0,9,5,0.666666667,276,1,0,0.902439024,0.533333333,2,3,53.6,1,0.8,0
ant,1.4,org.apache.tools.ant.taskdefs.PumpStreamHandler,13,1,1,8,20,46,6,2,8,0.666666667,111,1,0,0,0.615384615,0,0,7.230769231,1,0.7692,0
ant,1.4,org.apache.tools.ant.taskdefs.Copydir,8,4,0,7,35,4,0,7,7,0.714285714,265,1,0,0.917647059,0.46875,3,3,31.375,5,1.375,0
ant,1.4,org.apache.tools.tar.TarEntry,31,1,0,6,65,243,4,2,30,0.726666667,747,1,0,0,0.182795699,1,1,22.61290323,4,1.1613,0
ant,1.4,org.apache.tools.tar.TarOutputStream,15,3,0,3,37,41,1,2,14,0.696428571,437,0.75,1,0.454545455,0.311111111,1,2,27.33333333,1,0.8,0
ant,1.4,org.apache.tools.ant.taskdefs.JikesOutputParser,12,1,0,3,21,44,1,2,5,0.805194805,147,1,1,0,0.261904762,0,0,10.66666667,4,1.25,0
ant,1.4,org.apache.tools.ant.taskdefs.compilers.Sj,2,2,0,6,9,1,1,5,2,2,33,0,0,0.958333333,1,0,0,15.5,1,0.5,0
ant,1.4,org.apache.tools.ant.taskdefs.Filter,6,3,0,6,16,5,0,6,5,0.733333333,95,1,0,0.880952381,0.5,0,0,14.33333333,1,0.8333,0
ant,1.4,org.apache.tools.ant.taskdefs.Echo,7,3,0,8,22,0,0,8,7,0.625,147,1,0,0.860465116,0.342857143,1,1,19.42857143,5,1.4286,0
ant,1.4,org.apache.tools.ant.taskdefs.Parallel,3,3,0,5,22,0,1,5,3,0,149,1,0,0.948717949,0.666666667,0,0,48.33333333,1,0.6667,0
ant,1.4,org.apache.tools.ant.types.Commandline,19,1,0,30,46,65,29,3,17,0.416666667,448,1,0,0,0.289473684,0,0,22.47368421,16,2.4211,0
ant,1.4,org.apache.tools.ant.taskdefs.LogStreamHandler,2,2,0,10,9,1,6,4,2,2,31,0,0,0.923076923,0.666666667,0,0,14.5,1,0.5,0
ant,1.4,org.apache.tools.ant.types.Path,26,3,0,33,80,201,26,8,20,0.573333333,719,0.666666667,2,0.566037736,0.152727273,2,11,26.53846154,14,2.2692,0
ant,1.4,org.apache.tools.ant.taskdefs.Sequential,3,3,0,3,10,0,0,3,3,0,32,1,0,0.948717949,0.666666667,0,0,9.333333333,1,0.6667,0
ant,1.4,org.apache.tools.ant.taskdefs.compilers.Gcj,3,2,0,9,22,3,1,8,2,2,128,0,0,0.92,1,1,1,41.66666667,9,3.3333,0
ant,1.4,org.apache.tools.ant.taskdefs.Patch,9,3,0,9,29,0,0,9,9,0.583333333,168,1,1,0.822222222,0.444444444,0,0,17.33333333,2,1.4444,0
ant,1.4,org.apache.tools.ant.taskdefs.GUnzip,4,3,0,5,32,2,0,5,4,0.666666667,215,1,0,0.925,0.75,1,1,52.25,1,0.75,0
ant,1.4,org.apache.tools.ant.taskdefs.StreamPumper,2,1,0,1,6,0,1,0,2,1,39,1,0,0,0.666666667,0,0,16.5,2,1,0
ant,1.4,org.apache.tools.ant.PathTokenizer,3,1,0,2,15,0,2,0,3,0.166666667,100,1,0,0,0.666666667,0,0,31.33333333,2,1,0
ant,1.4,org.apache.tools.ant.taskdefs.Definer,14,3,2,11,41,67,3,8,11,0.846153846,366,1,1,0.74,0.223214286,1,1,24.71428571,4,1.2857,0
ant,1.4,org.apache.tools.ant.ProjectHelper,19,1,0,24,81,147,17,8,7,0.861111111,560,1,1,0,0.171296296,0,0,28.15789474,2,1,0
ant,1.4,org.apache.tools.ant.taskdefs.KeySubst,8,3,0,2,39,10,0,2,8,0.714285714,265,1,0,0.840909091,0.325,1,1,31.625,4,1.25,0
ant,1.4,org.apache.tools.ant.DirectoryScanner,23,1,1,25,52,181,23,2,14,0.731404959,1489,1,0,0,0.290909091,0,0,63.26086957,35,6.087,0
ant,1.4,org.apache.tools.ant.types.FilterSetCollection,5,1,0,5,13,0,4,1,5,0,69,1,0,0,0.533333333,0,0,12.6,3,1.2,0
ant,1.4,org.apache.tools.ant.taskdefs.compilers.JavacExternal,2,2,0,6,11,1,1,5,2,2,37,0,0,0.958333333,1,0,0,17.5,1,0.5,0
ant,1.4,org.apache.tools.ant.taskdefs.Transform,1,5,0,1,2,0,0,1,1,2,4,0,0,1,1,0,0,3,0,0,0
ant,1.4,org.apache.tools.ant.util.GlobPatternMapper,5,1,0,2,15,0,1,1,4,0.5,137,1,0,0,0.9,0,0,25.2,4,1.8,0
ant,1.4,org.apache.tools.ant.util.MergingMapper,4,1,0,4,5,0,3,1,4,0.333333333,24,1,0,0,0.875,0,0,4.75,1,0.75,0
ant,1.4,org.apache.tools.ant.taskdefs.MatchingTask,14,3,12,20,41,0,13,7,13,0.461538462,174,1,1,0.74,0.392857143,0,0,11.28571429,6,1.5,0
ant,1.4,org.apache.tools.ant.util.IdentityMapper,4,1,0,2,5,6,1,1,4,2,16,0,0,0,0.875,0,0,3,1,0.75,0
ant,1.4,org.apache.tools.ant.taskdefs.ExecuteJava,6,1,0,7,28,1,1,6,6,0.6,173,1,3,0,0.305555556,0,0,27.33333333,1,0.8333,0
ant,1.4,org.apache.tools.ant.Task,20,2,40,100,28,158,96,6,16,0.877192982,164,1,3,0.321428571,0.258333333,1,3,6.9,3,1.1,0
ant,1.4,org.apache.tools.ant.types.Reference,5,1,0,19,12,4,17,2,5,0.25,55,1,0,0,0.533333333,0,0,9.8,1,0.6,0
ant,1.4,org.apache.tools.mail.MailMessage,27,1,0,3,63,297,1,2,10,0.778846154,527,0,2,0,0.37962963,0,0,18.22222222,11,1.4444,0
ant,1.4,org.apache.tools.ant.BuildListener,7,1,0,11,7,21,10,1,7,2,7,0,0,0,1,0,0,0,1,1,0
ant,1.4,org.apache.tools.ant.taskdefs.Ear,7,6,0,8,31,13,0,8,4,0.75,151,1,0,0.9625,0.4,4,9,20.28571429,2,1,0
