proj,ver,class,wmc,dit,noc,cbo,rfc,lcom,ca,ce,npm,lcom3,loc,dam,moa,mfa,cam,ic,cbm,amc,max_cc,avg_cc,bug
lucene,2.2,org.apache.lucene.search.spans.SpanQuery,5,2,5,17,7,10,12,6,4,2,14,0,0,0.75,0.466666667,1,1,1.8,1,0.8,0
lucene,2.2,org.apache.lucene.analysis.standard.CharStream,12,1,0,3,12,66,3,0,12,2,12,0,0,0,0.583333333,0,0,0,1,1,0
lucene,2.2,org.apache.lucene.analysis.standard.FastCharStream,14,1,0,2,25,3,1,1,13,0.602564103,237,0,0,0,0.404761905,0,0,15.5,1,0.9286,0
lucene,2.2,org.apache.lucene.document.LoadFirstFieldSelector,2,1,0,2,3,1,0,2,2,2,7,0,0,0,0.75,0,0,2.5,1,0.5,0
lucene,2.2,org.apache.lucene.index.DefaultSkipListReader,8,2,0,3,15,0,1,2,0,0.571428571,158,1,0,0.5625,0.425,1,3,17.875,1,0.875,0
lucene,2.2,org.apache.lucene.search.MultiSearcher,16,2,1,22,53,0,2,21,14,0.466666667,577,1,1,0.594594595,0.23125,1,5,34.875,6,1.25,0
lucene,2.2,org.apache.lucene.analysis.WordlistLoader,4,1,0,2,17,6,2,0,4,2,147,0,0,0,0.333333333,0,0,35.75,1,0.75,0
lucene,2.2,org.apache.lucene.search.spans.TermSpans,8,1,0,6,19,0,3,3,8,0.666666667,160,1,2,0,0.34375,0,0,18.25,3,1.125,0
lucene,2.2,org.apache.lucene.search.spans.SpanNearQuery,12,3,0,8,47,0,2,8,12,0.590909091,353,1,0,0.592592593,0.208333333,2,2,28.08333333,7,1.75,0
lucene,2.2,org.apache.lucene.search.PhrasePositions,5,1,0,6,12,0,5,1,0,0.678571429,95,0,2,0,0.533333333,0,0,16.6,1,0.8,0
lucene,2.2,org.apache.lucene.document.FieldSelector,1,1,0,18,1,0,17,1,1,2,1,0,0,0,1,0,0,0,1,1,0
lucene,2.2,org.apache.lucene.search.function.FieldScoreQuery,2,3,0,7,12,1,0,7,1,2,52,0,0,0.947368421,0.833333333,0,0,25,5,2.5,0
lucene,2.2,org.apache.lucene.search.Query,13,1,15,51,39,72,48,7,12,0.833333333,249,1,0,0,0.230769231,0,0,18.07692308,9,1.8462,0
lucene,2.2,org.apache.lucene.index.MultiTermEnum,5,2,0,6,20,0,1,5,5,0.5,141,1,2,0.555555556,0.4,1,2,26.6,1,0.8,0
lucene,2.2,org.apache.lucene.analysis.SimpleAnalyzer,2,2,0,4,4,1,1,3,2,2,10,0,0,0.666666667,0.666666667,0,0,4,1,0.5,0
lucene,2.2,org.apache.lucene.index.TermInfo,5,1,0,8,6,0,8,0,0,0.125,100,0,0,0,0.55,0,0,18.2,1,0.4,0
lucene,2.2,org.apache.lucene.search.PrefixGenerator,2,1,1,6,16,0,1,5,1,0,66,1,1,0,0.666666667,0,0,31.5,1,0.5,0
lucene,2.2,org.apache.lucene.index.CorruptIndexException,1,4,0,28,2,0,28,0,1,2,5,0,0,1,1,0,0,4,0,0,0
lucene,2.2,org.apache.lucene.index.SegmentMergeQueue,3,2,0,5,9,3,2,3,0,2,47,0,0,0.846153846,0.555555556,1,3,14.66666667,4,1.6667,0
lucene,2.2,org.apache.lucene.search.DisjunctionSumScorer,12,2,1,7,37,0,2,5,9,0.454545455,357,1,1,0.444444444,0.416666667,1,3,28.08333333,1,0.8333,0
lucene,2.2,org.apache.lucene.index.TermBuffer,11,1,0,4,25,0,1,3,6,0.52,241,1,1,0,0.242857143,0,0,20.45454545,3,1.4545,0
lucene,2.2,org.apache.lucene.store.BufferedIndexOutput,10,2,1,2,12,17,1,1,8,0.555555556,185,0.75,0,0.608695652,0.36,1,3,17.1,1,0.9,0
lucene,2.2,org.apache.lucene.index.TermVectorOffsetInfo,9,1,0,7,10,2,7,0,8,0.666666667,83,0.666666667,1,0,0.5,1,1,7.888888889,5,1.1111,0
lucene,2.2,org.apache.lucene.index.MultiLevelSkipListWriter,6,1,1,3,16,0,1,2,0,0.466666667,178,1,1,0,0.611111111,0,0,28.16666667,3,1.3333,0
lucene,2.2,org.apache.lucene.analysis.LetterTokenizer,2,4,1,2,4,1,1,1,1,2,9,0,0,0.875,0.666666667,1,1,3.5,1,0.5,0
lucene,2.2,org.apache.lucene.search.BooleanClause,10,1,0,6,18,0,5,2,10,0.333333333,104,1,2,0,0.375,1,1,9.2,4,1.4,0
lucene,2.2,org.apache.lucene.util.ToStringUtils,2,1,0,17,7,1,17,0,2,2,21,0,0,0,0.5,0,0,9.5,2,1,0
lucene,2.2,org.apache.lucene.search.WildcardQuery,4,3,0,8,12,4,1,7,3,0.666666667,55,1,0,0.857142857,0.5,1,1,12.5,2,1,0
lucene,2.2,org.apache.lucene.document.DateField,8,1,0,1,25,22,1,0,6,0.428571429,126,1,0,0,0.178571429,0,0,14.625,5,1.375,0
lucene,2.2,org.apache.lucene.index.MultiTermDocs,11,1,1,6,21,1,2,4,9,0.514285714,258,1,4,0,0.246753247,0,0,21.81818182,1,0.9091,0
lucene,2.2,org.apache.lucene.document.FieldSelectorResult,4,1,0,7,6,0,7,0,2,0.875,83,0.125,7,0,0.555555556,1,1,17.75,5,1.5,0
lucene,2.2,org.apache.lucene.search.SortComparatorSource,1,1,0,6,1,0,4,2,1,2,1,0,0,0,1,0,0,0,1,1,0
lucene,2.2,org.apache.lucene.search.ReqOptSumScorer,6,2,0,4,15,0,1,3,6,0.466666667,113,1,2,0.615384615,0.5,1,3,17.33333333,1,0.8333,0
lucene,2.2,org.apache.lucene.document.NumberTools,4,1,0,0,18,0,0,0,3,1.166666667,130,0.5,0,0,0.333333333,0,0,30,6,2.5,0
lucene,2.2,org.apache.lucene.search.FuzzyTermEnum,14,3,0,5,29,53,1,4,6,0.692307692,514,1,1,0.541666667,0.333333333,1,4,34.92857143,14,2.2857,0
lucene,2.2,org.apache.lucene.search.spans.SpanFirstQuery,13,3,0,6,30,0,1,6,11,0.416666667,176,1,1,0.571428571,0.192307692,2,2,12.38461538,6,1.3077,0
lucene,2.2,org.apache.lucene.LucenePackage,3,1,0,0,8,3,0,0,1,1,27,0,0,0,0.333333333,0,0,7.666666667,2,1,0
lucene,2.2,org.apache.lucene.util.Parameter,6,1,5,5,18,5,5,0,1,0.6,88,0.5,0,0,0.7,0,0,13.33333333,1,0.5,0
lucene,2.2,org.apache.lucene.search.spans.SpanTermQuery,9,3,1,8,27,0,1,7,9,0,116,1,1,0.666666667,0.259259259,2,2,11.77777778,4,1.3333,0
lucene,2.2,org.apache.lucene.util.StringHelper,2,1,0,2,5,1,2,0,1,2,36,0,0,0,0.5,0,0,17,4,2,0
lucene,2.2,org.apache.lucene.index.TermPositionVector,2,1,0,4,2,1,2,2,2,2,2,0,0,0,1,0,0,0,1,1,0
lucene,2.2,org.apache.lucene.store.NoLock,5,2,0,2,6,10,1,1,4,2,15,0,0,0.5,1,1,1,2,1,0.8,0
lucene,2.2,org.apache.lucene.util.ScorerDocQueue,16,1,0,3,24,0,2,2,12,0.383333333,361,1,2,0,0.328125,0,0,21.3125,7,1.75,0
lucene,2.2,org.apache.lucene.search.DefaultSimilarity,7,2,0,3,10,21,3,1,7,2,54,0,0,0.714285714,0.5,1,2,6.714285714,1,0.8571,0
lucene,2.2,org.apache.lucene.search.PhraseQueue,2,2,0,5,4,1,3,2,0,2,51,0,0,0.916666667,0.666666667,1,3,24.5,6,3,0
lucene,2.2,org.apache.lucene.store.AlreadyClosedException,1,5,0,4,2,0,4,0,1,2,5,0,0,1,1,0,0,4,0,0,0
lucene,2.2,org.apache.lucene.search.spans.Spans,5,1,0,20,5,10,20,0,5,2,5,0,0,0,0.6,0,0,0,1,1,0
lucene,2.2,org.apache.lucene.index.SegmentMergeInfo,5,1,0,7,14,0,3,4,0,0.75,108,0.333333333,4,0,0.4,0,0,19.4,5,1.6,0
lucene,2.2,org.apache.lucene.index.SegmentTermDocs,12,1,1,13,33,12,2,12,8,0.690909091,377,0.866666667,4,0,0.21875,0,0,29.16666667,1,0.9167,0
lucene,2.2,org.apache.lucene.analysis.WhitespaceAnalyzer,2,2,0,3,4,1,0,3,2,2,10,0,0,0.666666667,0.666666667,0,0,4,1,0.5,0
lucene,2.2,org.apache.lucene.analysis.standard.TokenMgrError,6,3,0,1,19,15,1,0,4,1.12,184,0,0,0.8125,0.5,1,1,28.83333333,14,2.8333,0
lucene,2.2,org.apache.lucene.search.ExactPhraseScorer,2,3,0,8,9,1,2,6,0,2,64,0,0,0.952380952,0.583333333,1,1,31,1,0.5,0
lucene,2.2,org.apache.lucene.search.IdGenerator,2,1,0,2,2,1,1,1,2,2,2,0,0,0,0.666666667,0,0,0,1,1,0
lucene,2.2,org.apache.lucene.search.ReqExclScorer,7,2,0,4,16,0,1,3,6,0.333333333,179,1,2,0.571428571,0.476190476,1,3,24.14285714,1,0.8571,0
lucene,2.2,org.apache.lucene.store.SimpleFSLock,5,2,0,2,18,0,1,1,5,0.375,83,0,0,0.5,0.466666667,1,1,15.2,1,0.8,0
lucene,2.2,org.apache.lucene.analysis.standard.ParseException,5,4,0,2,18,0,1,1,4,0.55,380,0.4,1,0.866666667,0.4,1,1,74,14,4.8,0
lucene,2.2,org.apache.lucene.index.SegmentTermPositionVector,4,2,0,4,5,0,1,3,3,0.666666667,65,0.666666667,1,0.777777778,0.476190476,0,0,14.5,4,2,0
lucene,2.2,org.apache.lucene.search.HitQueue,2,2,0,6,4,1,4,2,0,2,39,0,0,0.916666667,0.666666667,1,3,18.5,4,2,0
lucene,2.2,org.apache.lucene.search.NonMatchingScorer,6,2,0,4,10,15,1,3,6,2,31,0,0,0.615384615,0.666666667,1,3,4.166666667,1,0.8333,0
lucene,2.2,org.apache.lucene.index.StaleReaderException,1,4,0,2,2,0,2,0,1,2,5,0,0,1,1,0,0,4,0,0,0
lucene,2.2,org.apache.lucene.search.spans.SpanWeight,7,1,1,13,46,0,2,12,7,0.69047619,357,1,2,0,0.30952381,0,0,49,1,0.8571,0
lucene,2.2,org.apache.lucene.index.DefaultSkipListWriter,4,2,0,3,10,0,1,2,0,0.484848485,176,1,2,0.625,0.625,1,1,40.25,1,0.75,0
lucene,2.2,org.apache.lucene.analysis.standard.StandardTokenizerConstants,1,1,0,3,1,0,3,0,0,2,87,0,0,0,0,0,0,68,0,0,0
lucene,2.2,org.apache.lucene.search.SortComparator,3,1,0,7,7,3,4,5,2,2,21,0,0,0,0.666666667,0,0,6,1,0.6667,0
lucene,2.2,org.apache.lucene.index.TermEnum,6,1,5,33,8,15,32,1,6,2,21,0,0,0,0.583333333,0,0,2.5,1,0.8333,0
lucene,2.2,org.apache.lucene.search.MultiSearcherThread,6,2,0,12,12,1,1,11,6,0.64,173,1,6,0.921568627,0.35,0,0,26.16666667,6,1.5,0
lucene,2.2,org.apache.lucene.search.TermScorer,9,2,0,10,31,0,1,9,7,0.545454545,409,1,2,0.5,0.285714286,1,3,43.22222222,2,1,0
lucene,2.2,org.apache.lucene.search.FilteredTermEnum,9,2,2,7,14,8,5,2,6,0.5,103,1,2,0.384615385,0.407407407,1,2,10.22222222,2,1,0
lucene,2.2,org.apache.lucene.index.TermDocs,8,1,0,27,8,28,25,2,8,2,8,0,0,0,0.3,0,0,0,1,1,0
lucene,2.2,org.apache.lucene.analysis.PerFieldAnalyzerWrapper,5,2,0,2,15,0,0,2,5,0.125,73,1,1,0.333333333,0.55,0,0,13.2,2,1.2,0
lucene,2.2,org.apache.lucene.search.HitCollector,2,1,6,22,3,1,22,0,2,2,5,0,0,0,0.666666667,0,0,1.5,1,0.5,0
lucene,2.2,org.apache.lucene.analysis.WhitespaceTokenizer,2,4,0,2,4,1,1,1,1,2,13,0,0,0.875,0.666666667,1,1,5.5,2,1,0
lucene,2.2,org.apache.lucene.search.spans.SpanNotQuery,13,3,0,6,31,0,1,6,11,0.375,218,1,2,0.571428571,0.208791209,2,2,15.61538462,6,1.3077,0
lucene,2.2,org.apache.lucene.search.RemoteSearchable,13,4,0,14,31,0,0,14,13,0,120,1,1,0.6,0.205128205,0,0,8.153846154,1,0.9231,0
lucene,2.2,org.apache.lucene.store.NativeFSLock,7,2,0,2,32,1,1,1,6,0.583333333,485,1,0,0.444444444,0.444444444,1,1,67.42857143,3,1.1429,0
lucene,2.2,org.apache.lucene.index.TermFreqVector,6,1,0,11,6,15,11,0,6,2,6,0,0,0,0.375,0,0,0,1,1,0
lucene,2.2,org.apache.lucene.search.spans.SpanOrQuery,11,3,0,8,42,0,3,6,10,0.45,286,1,0,0.615384615,0.220779221,2,2,24.81818182,7,1.7273,0
lucene,2.2,org.apache.lucene.store.SingleInstanceLock,5,2,0,2,12,0,1,1,5,0.125,82,0.5,0,0.5,0.466666667,1,1,15,1,0.8,0
lucene,2.2,org.apache.lucene.store.NoLockFactory,5,2,0,4,7,6,1,3,4,0.75,24,1,2,0.571428571,0.625,0,0,3.4,1,0.6,0
lucene,2.2,org.apache.lucene.search.ScoreDoc,1,1,1,19,2,0,19,0,1,2,12,0,0,0,1,0,0,9,0,0,0
lucene,2.2,org.apache.lucene.search.spans.NearSpansOrdered,15,1,0,6,41,25,3,5,7,0.747252747,661,0.846153846,3,0,0.202380952,0,0,42.2,6,1.5333,0
lucene,2.2,org.apache.lucene.search.Weight,6,1,0,47,6,15,44,4,6,2,6,0,0,0,0.416666667,0,0,0,1,1,0
lucene,2.2,org.apache.lucene.analysis.StopAnalyzer,7,2,0,6,13,0,1,5,6,0.5,189,0.5,0,0.666666667,0.333333333,0,0,25.71428571,1,0.1429,0
lucene,2.2,org.apache.lucene.analysis.standard.StandardTokenizerTokenManager,22,1,0,5,38,153,1,4,7,0.850340136,3785,0.114285714,1,0,0.380952381,0,0,169.4545455,236,14.0455,0
lucene,2.2,org.apache.lucene.analysis.standard.Token,3,1,0,3,4,3,3,0,3,1.4375,23,0,2,0,0.5,0,0,4,2,1,0
lucene,2.2,org.apache.lucene.search.PrefixQuery,6,2,0,9,28,0,1,8,6,0,147,1,1,0.705882353,0.333333333,2,3,23.33333333,4,1.5,0
lucene,2.2,org.apache.lucene.analysis.LowerCaseTokenizer,2,5,0,3,4,1,2,1,1,2,9,0,0,0.888888889,0.666666667,1,1,3.5,1,0.5,0
lucene,2.2,org.apache.lucene.util.BitVector,14,1,0,5,28,0,2,3,8,0.288461538,1483,1,0,0,0.320512821,0,0,104.6428571,10,1.8571,0
lucene,2.2,org.apache.lucene.index.DocumentWriter,11,1,0,20,102,1,1,20,0,0.733333333,1192,1,5,0,0.227272727,0,0,106,10,2.3636,0
lucene,2.2,org.apache.lucene.util.Constants,2,1,0,0,5,1,0,0,0,1,44,0,0,0,1,0,0,17,0,0,0
lucene,2.2,org.apache.lucene.search.MultiTermQuery,7,2,2,10,27,1,2,8,6,0.333333333,134,1,1,0.666666667,0.342857143,2,3,18,5,1.5714,0
lucene,2.2,org.apache.lucene.search.BooleanScorer,12,2,0,8,29,26,1,7,7,0.609090909,461,1,3,0.444444444,0.305555556,1,3,36.58333333,2,1.0833,0
lucene,2.2,org.apache.lucene.search.QueryFilter,3,3,0,4,7,3,0,4,3,2,20,0,0,0.714285714,0.555555556,2,3,5.666666667,1,0.6667,0
lucene,2.2,org.apache.lucene.index.MultiTermPositions,6,2,0,5,12,3,1,4,5,2,36,0,0,0.666666667,0.305555556,1,1,5,1,0.8333,0
lucene,2.2,org.apache.lucene.queryParser.FastCharStream,14,1,0,2,25,3,1,1,13,0.602564103,237,0,0,0,0.404761905,0,0,15.5,1,0.9286,0
lucene,2.2,org.apache.lucene.search.WildcardTermEnum,6,3,0,5,20,5,1,4,5,0.825,247,0,1,0.722222222,0.333333333,1,4,38.83333333,16,3.6667,0
lucene,2.2,org.apache.lucene.store.LockObtainFailedException,1,4,0,5,2,0,5,0,1,2,5,0,0,1,1,0,0,4,0,0,0
lucene,2.2,org.apache.lucene.search.RemoteSearchable_Stub,14,3,0,13,24,69,0,13,12,0.963369963,723,0.571428571,0,0.454545455,0.205128205,0,0,49.14285714,1,0.8571,0
lucene,2.2,org.apache.lucene.search.PhraseScorer,13,2,2,9,34,0,2,7,6,0.666666667,345,1,4,0.4,0.21978022,1,3,24.84615385,3,1.1538,0
lucene,2.2,org.apache.lucene.search.HitDoc,1,1,0,2,2,0,1,1,0,2,18,0,3,0,1,0,0,12,0,0,0
lucene,2.2,org.apache.lucene.document.SetBasedFieldSelector,2,1,0,2,4,0,0,2,2,0,33,1,0,0,0.666666667,0,0,14.5,3,1.5,0
lucene,2.2,org.apache.lucene.search.Explanation,13,1,1,41,21,64,41,0,11,0.611111111,197,1,0,0,0.292307692,0,0,13.92307692,4,1.4615,0
lucene,2.2,org.apache.lucene.index.FieldReaderException,4,4,0,1,8,6,1,0,4,2,20,0,0,1,0.666666667,0,0,4,0,0,0
lucene,2.2,org.apache.lucene.search.FuzzyQuery,10,3,0,13,42,7,1,12,9,0.638888889,280,0.5,0,0.72,0.285714286,3,4,26.6,6,1.4,1
lucene,2.2,org.apache.lucene.index.MultiLevelSkipListReader,10,1,1,4,21,0,1,3,1,0.619047619,477,1,1,0,0.5,0,0,45.3,2,1,1
lucene,2.2,org.apache.lucene.index.TermPositions,4,1,0,23,4,6,22,1,4,2,4,0,0,0,0.5,0,0,0,1,1,1
lucene,2.2,org.apache.lucene.search.function.DocValues,14,1,6,16,19,79,15,1,11,0.723076923,133,1,0,0,0.785714286,0,0,8.142857143,3,1,1
lucene,2.2,org.apache.lucene.analysis.LowerCaseFilter,2,3,0,4,5,1,1,3,2,2,21,0,0,0.8,0.75,0,0,9.5,1,0.5,1
lucene,2.2,org.apache.lucene.search.spans.SpanScorer,7,2,1,7,25,0,2,5,5,0.520833333,201,1,2,0.571428571,0.30952381,1,3,26.57142857,1,0.8571,1
lucene,2.2,org.apache.lucene.search.SloppyPhraseScorer,4,3,0,9,19,0,3,7,0,0.555555556,326,1,1,0.869565217,0.34375,1,1,79.75,4,1.5,1
lucene,2.2,org.apache.lucene.search.PrefixFilter,4,2,0,4,13,0,1,4,4,0,52,1,1,0.25,0.5,0,0,11.75,1,0.75,1
lucene,2.2,org.apache.lucene.util.PriorityQueue,12,1,9,12,13,0,12,0,8,0.454545455,275,1,0,0,0.444444444,0,0,21.66666667,7,2.0833,1
lucene,2.2,org.apache.lucene.index.MultipleTermPositions,13,1,0,8,36,58,1,7,13,0.791666667,191,1,2,0,0.201923077,0,0,13.38461538,1,0.9231,1
lucene,2.2,org.apache.lucene.index.Term,12,1,0,71,21,0,71,0,9,0.136363636,138,0,0,0,0.291666667,1,1,10.33333333,6,1.3333,1
lucene,2.2,org.apache.lucene.search.TermQuery,8,2,0,15,22,0,10,6,6,0.142857143,100,1,1,0.631578947,0.232142857,2,2,11.375,4,1.375,1
lucene,2.2,org.apache.lucene.analysis.PorterStemmer,27,1,0,1,43,13,1,0,13,0.600961538,1174,1,0,0,0.25308642,0,0,42.18518519,26,5.7407,1
lucene,2.2,org.apache.lucene.analysis.Analyzer,3,1,6,13,4,3,12,1,3,2,8,0,0,0,0.666666667,0,0,1.666666667,1,0.6667,1
lucene,2.2,org.apache.lucene.search.function.IntFieldSource,7,3,0,7,22,9,2,6,6,0.777777778,122,0.333333333,1,0.705882353,0.333333333,2,3,16,6,1.7143,1
lucene,2.2,org.apache.lucene.index.IndexDeletionPolicy,2,1,0,5,2,1,5,0,2,2,2,0,0,0,1,0,0,0,1,1,1
lucene,2.2,org.apache.lucene.search.MatchAllDocsQuery,6,2,0,7,14,15,3,5,5,2,57,0,0,0.705882353,0.333333333,2,3,8.5,3,1.1667,1
lucene,2.2,org.apache.lucene.index.SegmentTermVector,8,1,1,3,15,0,2,1,7,0.571428571,133,1,0,0,0.35,0,0,15.25,4,1.75,1
lucene,2.2,org.apache.lucene.search.function.ValueSource,6,1,3,8,7,15,6,2,6,2,12,0,0,0,0.444444444,1,1,1,1,0.8333,1
lucene,2.2,org.apache.lucene.search.FieldDoc,2,2,0,4,3,1,3,1,2,1,16,0,0,0,0.875,0,0,6.5,0,0,1
lucene,2.2,org.apache.lucene.search.DisjunctionMaxScorer,11,2,0,4,25,0,1,3,7,0.625,447,1,0,0.444444444,0.287878788,1,3,39.27272727,6,1.5455,1
lucene,2.2,org.apache.lucene.search.SimilarityDelegator,7,2,1,2,14,0,1,1,7,0,47,1,1,0.714285714,0.428571429,1,2,5.571428571,1,0.8571,1
lucene,2.2,org.apache.lucene.store.SingleInstanceLockFactory,3,2,0,4,8,0,1,3,3,0,43,1,0,0.666666667,0.833333333,0,0,13,1,0.6667,1
lucene,2.2,org.apache.lucene.search.TopDocs,3,1,1,14,4,0,13,1,2,0.666666667,25,0.333333333,1,0,0.583333333,0,0,6.333333333,1,0.6667,1
lucene,2.2,org.apache.lucene.search.ComplexExplanation,6,2,0,10,18,9,9,1,5,0.2,65,1,0,0.733333333,0.333333333,1,1,9.666666667,3,1.1667,1
lucene,2.2,org.apache.lucene.search.spans.NearSpansUnordered,19,1,0,6,48,71,3,6,7,0.75,468,1,5,0,0.210526316,0,0,23.10526316,3,1.3158,1
lucene,2.2,org.apache.lucene.queryParser.Token,3,1,0,4,4,3,4,0,3,1.4375,23,0,2,0,0.5,0,0,4,2,1,1
lucene,2.2,org.apache.lucene.search.CachingWrapperFilter,5,2,1,3,16,0,1,2,5,0.5,102,1,1,0.2,0.4,1,1,19,2,1,1
lucene,2.2,org.apache.lucene.search.ConstantScoreRangeQuery,10,2,0,6,24,0,1,5,10,0.444444444,313,1,0,0.571428571,0.3,2,3,29.8,13,3.1,1
lucene,2.2,org.apache.lucene.index.KeepOnlyLastCommitDeletionPolicy,3,1,0,4,7,3,2,2,3,2,28,0,0,0,0.833333333,0,0,8.333333333,2,1,1
lucene,2.2,org.apache.lucene.search.PhraseQuery,15,2,0,9,43,0,3,7,11,0.589285714,303,1,0,0.461538462,0.191666667,2,3,18.93333333,6,1.8,1
lucene,2.2,org.apache.lucene.search.QueryTermVector,10,1,0,4,37,0,0,4,9,0.388888889,280,1,0,0,0.34,0,0,26.8,5,1.6,1
lucene,2.2,org.apache.lucene.index.SegmentTermPositions,15,2,0,6,27,7,1,6,7,0.612244898,287,1,1,0.44,0.2,1,3,17.66666667,3,1.0667,1
lucene,2.2,org.apache.lucene.store.IndexInput,15,1,5,31,18,103,31,0,15,0.928571429,256,1,0,0,0.28,0,0,16,1,0.9333,1
lucene,2.2,org.apache.lucene.analysis.PorterStemFilter,2,3,0,4,6,0,0,4,2,0,35,1,1,0.8,0.75,0,0,16,1,0.5,1
lucene,2.2,org.apache.lucene.search.function.CustomScoreQuery,17,2,0,9,43,48,2,8,13,0.5625,263,1,2,0.444444444,0.135746606,2,4,14.29411765,7,1.6471,1
lucene,2.2,org.apache.lucene.store.LockFactory,5,1,4,8,6,4,7,1,5,0.5,19,1,0,0,0.8,0,0,2.6,1,0.8,1
lucene,2.2,org.apache.lucene.search.TopFieldDocs,1,2,0,14,2,0,11,3,0,2,11,0,1,1,1,0,0,9,0,0,1
lucene,2.2,org.apache.lucene.search.function.ValueSourceQuery,7,2,1,11,20,9,5,7,6,0.5,74,0,1,0.666666667,0.265306122,2,3,9.428571429,4,1.2857,1
lucene,2.2,org.apache.lucene.search.function.ShortFieldSource,7,3,0,7,22,9,2,6,6,0.777777778,122,0.333333333,1,0.705882353,0.333333333,2,3,16,6,1.7143,1
lucene,2.2,org.apache.lucene.search.FilterManager,5,1,0,5,18,4,4,3,4,0.821428571,112,1,2,0,0.35,0,0,20,2,1.2,1
lucene,2.2,org.apache.lucene.analysis.standard.StandardFilter,3,3,0,5,17,1,1,4,2,0.5,98,1,0,0.8,0.75,0,0,31,1,0.3333,1
lucene,2.2,org.apache.lucene.search.ConstantScoreQuery,8,2,0,8,19,8,3,6,7,0.428571429,93,1,1,0.631578947,0.25,2,3,10.5,5,1.5,1
lucene,2.2,org.apache.lucene.document.DateTools,8,1,0,2,27,18,1,1,6,0.428571429,567,1,0,0,0.314285714,0,0,68.875,8,2.5,1
lucene,2.2,org.apache.lucene.search.ScoreDocComparator,4,1,0,12,6,6,11,3,3,1,15,0,2,0,0.833333333,0,0,2.25,1,0.75,1
lucene,2.2,org.apache.lucene.search.Filter,2,1,5,25,3,1,24,1,2,2,5,0,0,0,0.75,0,0,1.5,1,0.5,1
lucene,2.2,org.apache.lucene.search.FieldCache,13,1,0,16,14,78,10,8,12,1.041666667,20,0,1,0,0.427083333,0,0,0.384615385,1,0.9231,1
lucene,2.2,org.apache.lucene.util.SmallFloat,7,1,0,1,10,21,1,0,7,2,155,0,0,0,0.321428571,0,0,21.14285714,4,2.5714,1
lucene,2.2,org.apache.lucene.analysis.KeywordAnalyzer,2,2,0,3,4,1,0,3,2,2,10,0,0,0.666666667,0.666666667,0,0,4,1,0.5,1
lucene,2.2,org.apache.lucene.analysis.LengthFilter,2,3,0,3,6,0,0,3,2,0,41,0,0,0.8,0.666666667,0,0,18.5,1,0.5,1
lucene,2.2,org.apache.lucene.search.Scorer,9,1,17,38,11,34,35,3,7,0.875,47,1,1,0,0.416666667,0,0,4.111111111,1,0.8889,1
lucene,2.2,org.apache.lucene.search.QueryWrapperFilter,5,2,0,7,17,0,2,6,5,0,62,1,1,0.2,0.4,1,1,11.2,2,1,1
lucene,2.2,org.apache.lucene.search.function.ByteFieldSource,7,3,0,7,22,9,2,6,6,0.777777778,122,0.333333333,1,0.705882353,0.333333333,2,3,16,6,1.7143,1
lucene,2.2,org.apache.lucene.document.MapFieldSelector,4,1,0,2,10,0,0,2,4,0,83,0,0,0,0.4,0,0,19.5,2,0.5,1
lucene,2.2,org.apache.lucene.index.IndexFileNameFilter,5,1,0,3,14,4,2,1,4,0.583333333,145,0.666666667,1,0,0.5,0,0,27.4,7,2.6,1
lucene,2.2,org.apache.lucene.search.ParallelMultiSearcher,6,3,0,16,33,3,1,16,6,0.4,297,1,1,0.880952381,0.351851852,2,3,48.16666667,1,0.8333,1
lucene,2.2,org.apache.lucene.search.ConjunctionScorer,10,2,1,6,21,0,3,4,6,0.412698413,340,1,1,0.470588235,0.3,1,3,32.3,2,1.1,1
lucene,2.2,org.apache.lucene.store.MMapDirectory,2,3,0,5,10,1,0,5,2,1,48,1,0,0.977272727,0.75,1,2,22.5,1,0.5,1
lucene,2.2,org.apache.lucene.index.FieldInfo,1,1,0,8,2,0,8,0,0,2,36,0,0,0,1,0,0,27,0,0,1
lucene,2.2,org.apache.lucene.search.BooleanScorer2,21,2,0,16,58,104,5,15,10,0.65625,511,1,3,0.32,0.2375,1,3,22.95238095,6,1.6667,1
lucene,2.2,org.apache.lucene.store.RAMDirectory,17,2,0,11,42,0,2,10,15,0.5625,393,0.333333333,0,0.586206897,0.352941176,1,5,21.94117647,2,0.8824,2
lucene,2.2,org.apache.lucene.search.Searchable,11,1,0,18,11,55,6,12,11,2,11,0,0,0,0.263636364,0,0,0,1,1,2
lucene,2.2,org.apache.lucene.search.MultiPhraseQuery,17,2,0,12,55,12,3,10,13,0.625,407,1,0,0.428571429,0.158823529,2,4,22.70588235,7,2.0588,2
lucene,2.2,org.apache.lucene.store.IndexOutput,15,1,2,19,18,105,19,0,15,2,196,0,0,0,0.311111111,0,0,12.06666667,1,0.9333,2
lucene,2.2,org.apache.lucene.queryParser.CharStream,12,1,0,3,12,66,3,0,12,2,12,0,0,0,0.583333333,0,0,0,1,1,2
lucene,2.2,org.apache.lucene.index.FieldInfos,20,1,0,18,51,164,12,6,16,0.940789474,482,0.25,0,0,0.261111111,0,0,22.7,8,1.5,2
lucene,2.2,org.apache.lucene.search.FieldDocSortedHitQueue,5,2,0,6,21,0,3,3,0,0.375,274,0,1,0.733333333,0.5,1,3,53.4,18,5,2
lucene,2.2,org.apache.lucene.search.function.FieldCacheSource,8,2,4,8,12,8,4,4,8,0.5,68,1,1,0.416666667,0.3125,2,2,7.25,5,1.375,2
lucene,2.2,org.apache.lucene.analysis.CharTokenizer,4,3,2,4,8,4,2,2,2,0.857142857,122,1,0,0.571428571,0.583333333,0,0,27.75,1,0.75,2
lucene,2.2,org.apache.lucene.queryParser.MultiFieldQueryParser,11,2,0,9,31,23,0,9,5,0.55,410,1,0,0.869565217,0.313131313,1,5,36.09090909,1,0.8182,2
lucene,2.2,org.apache.lucene.index.IndexCommitPoint,2,1,0,2,2,1,2,0,2,2,2,0,0,0,1,0,0,0,1,1,2
lucene,2.2,org.apache.lucene.store.Lock,6,1,4,15,17,13,14,1,5,0.9,89,0.5,0,0,0.6,0,0,13.5,1,0.6667,2
lucene,2.2,org.apache.lucene.search.TopFieldDocCollector,3,3,0,11,13,1,1,10,3,2,70,0,0,0.666666667,0.533333333,1,3,22.33333333,2,1.3333,2
lucene,2.2,org.apache.lucene.search.Hit,8,1,0,4,19,2,1,3,6,0.178571429,116,1,2,0,0.34375,0,0,13,2,1,2
lucene,2.2,org.apache.lucene.document.Fieldable,18,1,0,10,18,153,9,1,18,2,18,0,0,0,0.37037037,0,0,0,1,1,2
lucene,2.2,org.apache.lucene.search.Hits,11,1,0,13,28,19,3,12,5,0.64,338,1,6,0,0.324675325,0,0,28.81818182,4,1.1818,2
lucene,2.2,org.apache.lucene.store.RAMFile,8,1,0,3,12,6,3,1,0,0.80952381,115,0.333333333,1,0,0.375,0,0,12.625,2,0.875,2
lucene,2.2,org.apache.lucene.analysis.TokenFilter,2,2,7,8,4,0,7,1,1,0,13,1,1,0.75,0.75,0,0,5,1,0.5,2
lucene,2.2,org.apache.lucene.index.CompoundFileReader,16,2,0,9,40,70,2,7,16,0.72,273,1,2,0.548387097,0.5,1,5,15.75,1,0.875,2
lucene,2.2,org.apache.lucene.search.function.ReverseOrdFieldSource,7,2,0,6,21,0,1,6,5,0.666666667,99,0.333333333,0,0.5,0.375,2,2,12.71428571,3,1,2
lucene,2.2,org.apache.lucene.search.FilteredQuery,9,2,0,9,26,0,2,8,8,0.3125,143,0,2,0.6,0.222222222,2,4,14.66666667,5,1.3333,2
lucene,2.2,org.apache.lucene.search.function.FloatFieldSource,7,3,0,7,22,9,2,6,6,0.777777778,122,0.333333333,1,0.705882353,0.333333333,2,3,16,6,1.7143,2
lucene,2.2,org.apache.lucene.index.FilterIndexReader,24,2,0,11,50,0,0,11,19,0,171,1,1,0.722891566,0.199074074,1,8,6.083333333,1,0.9583,2
lucene,2.2,org.apache.lucene.index.Payload,7,1,0,3,12,1,3,0,6,0.277777778,103,1,0,0,0.619047619,0,0,13.28571429,3,1,2
lucene,2.2,org.apache.lucene.queryParser.QueryParserConstants,1,1,0,2,1,0,2,0,0,2,174,0,0,0,0,0,0,136,0,0,2
lucene,2.2,org.apache.lucene.document.Field,11,2,0,8,21,0,2,6,11,2,392,0,0,0.8,0.352272727,1,4,34.63636364,2,0.7273,2
lucene,2.2,org.apache.lucene.search.TopDocCollector,5,2,1,7,13,0,2,5,4,0.4375,110,0.5,1,0.25,0.5,0,0,20.2,4,1.6,2
lucene,2.2,org.apache.lucene.analysis.CachingTokenFilter,4,3,0,3,10,2,0,3,3,0.666666667,57,1,0,0.571428571,0.625,0,0,12.75,1,0.75,2
lucene,2.2,org.apache.lucene.search.IndexSearcher,15,2,0,21,34,0,3,19,14,0.357142857,164,0.5,1,0.666666667,0.18974359,1,3,9.8,1,0.7333,2
lucene,2.2,org.apache.lucene.store.NativeFSLockFactory,7,2,0,4,27,9,1,3,4,0.333333333,186,1,0,0.5,0.571428571,0,0,25.42857143,2,0.7143,2
lucene,2.2,org.apache.lucene.search.DisjunctionMaxQuery,14,2,0,6,38,0,1,6,11,0.384615385,318,1,0,0.5,0.171428571,2,5,21.57142857,6,1.5714,2
lucene,2.2,org.apache.lucene.search.Sort,14,1,0,12,22,61,11,1,13,0.692307692,175,0,3,0,0.320512821,0,0,11.28571429,3,0.7143,2
lucene,2.2,org.apache.lucene.search.HitIterator,5,1,0,2,10,0,1,2,4,0.375,60,1,1,0,0.6,0,0,10.6,2,1.2,2
lucene,2.2,org.apache.lucene.index.SegmentInfo,18,1,0,12,44,0,8,4,4,0.678733032,981,0.461538462,1,0,0.243055556,0,0,52.77777778,4,1.3333,3
lucene,2.2,org.apache.lucene.store.BufferedIndexInput,15,2,2,4,30,21,3,1,9,0.705357143,438,0.625,0,0.538461538,0.328571429,1,4,27.66666667,7,1.2667,3
lucene,2.2,org.apache.lucene.index.TermInfosWriter,6,1,0,9,29,0,2,7,0,0.45,395,0.666666667,5,0,0.479166667,0,0,62.83333333,1,0.6667,3
lucene,2.2,org.apache.lucene.index.CompoundFileWriter,6,1,0,6,39,0,1,5,5,0.6,339,1,1,0,0.333333333,0,0,54.66666667,4,1.3333,3
lucene,2.2,org.apache.lucene.index.TermVectorsWriter,15,1,0,13,54,41,2,11,10,0.804761905,675,0.533333333,5,0,0.237037037,0,0,43,3,1.2,3
lucene,2.2,org.apache.lucene.search.BooleanQuery,27,2,0,19,64,171,12,11,22,0.769230769,443,1,0,0.333333333,0.102564103,2,6,15.22222222,12,1.5926,3
lucene,2.2,org.apache.lucene.store.SimpleFSLockFactory,6,2,0,4,17,3,1,3,4,0.2,102,1,0,0.571428571,0.611111111,0,0,15.83333333,2,0.6667,3
lucene,2.2,org.apache.lucene.queryParser.TokenMgrError,6,3,0,2,19,15,2,0,4,1.12,184,0,0,0.8125,0.5,1,1,28.83333333,14,2.8333,3
lucene,2.2,org.apache.lucene.index.SegmentInfos,30,4,0,16,75,349,10,8,23,0.936781609,515,0.666666667,0,0.738317757,0.155172414,1,3,15.76666667,6,1.2667,8
lucene,2.2,org.apache.lucene.analysis.Token,13,1,0,15,22,24,14,1,13,0.75,177,0.166666667,1,0,0.384615385,1,1,12.15384615,3,1.0769,8
lucene,2.2,org.apache.lucene.index.FieldsReader,18,1,0,17,61,69,2,16,0,0.806722689,745,1,4,0,0.237373737,0,0,40,5,1.3333,11
lucene,2.2,org.apache.lucene.index.SegmentReader,45,2,0,31,137,732,6,28,20,0.899793388,1253,0.590909091,10,0.582524272,0.131118881,1,8,26.35555556,28,1.7556,11
lucene,2.2,org.apache.lucene.index.IndexFileDeleter,16,1,0,11,68,8,3,9,4,0.683333333,814,1,2,0,0.236111111,0,0,49.375,2,1,11
lucene,2.2,org.apache.lucene.store.FSDirectory,28,2,1,16,89,86,6,10,23,0.844444444,1021,0.8,0,0.395348837,0.265432099,1,7,35.10714286,2,1,11
lucene,2.2,org.apache.lucene.index.IndexReader,62,1,4,118,125,1757,93,27,46,0.877794337,815,1,5,0,0.102822581,0,0,11.96774194,11,1.2258,11
lucene,2.2,org.apache.lucene.index.TermVectorsReader,10,1,0,9,37,17,1,8,0,0.555555556,659,1,4,0,0.277777778,0,0,64.2,4,1.1,11
lucene,2.2,org.apache.lucene.index.IndexWriter,80,1,0,23,171,1344,4,22,52,0.843178622,2846,0.722222222,10,0,0.1005996,0,0,34.125,4,0.9875,47
