proj,ver,class,wmc,dit,noc,cbo,rfc,lcom,ca,ce,npm,lcom3,loc,dam,moa,mfa,cam,ic,cbm,amc,max_cc,avg_cc,bug
poi,2.0RC1,org.apache.poi.hssf.model.FormulaParser,54,1,0,32,140,651,3,29,7,0.766925638,1806,0.705882353,1,0,0.174004193,0,0,32.12962963,14,3.0556,2
poi,2.0RC1,org.apache.poi.hpsf.Property,6,1,0,5,25,7,2,3,4,0.75,230,1,0,0,0.55,0,0,36.66666667,9,2,2
poi,2.0RC1,org.apache.poi.hssf.eventusermodel.HSSFRequest,4,1,0,8,17,0,3,5,3,0,116,1,0,0,0.5,0,0,27.75,2,1.25,1
poi,2.0RC1,org.apache.poi.hssf.usermodel.HSSFCell,30,1,0,20,104,87,5,16,22,0.748275862,1151,0.6,4,0,0.146153846,0,0,36.7,20,2.9,1
poi,2.0RC1,org.apache.poi.util.StringUtil,12,1,0,14,37,66,14,0,10,1.090909091,494,1,0,0,0.273809524,0,0,40.08333333,10,2.5833,1
poi,2.0RC1,org.apache.poi.hssf.record.formula.AreaPtg,29,2,0,7,53,100,2,6,28,0.75,556,0.888888889,3,0.212121212,0.221674877,1,2,17.86206897,5,1.0345,1
poi,2.0RC1,org.apache.poi.hssf.record.formula.AbstractFunctionPtg,16,2,2,6,31,102,3,3,11,0.933333333,9849,0.75,1,0.176470588,0.19047619,0,0,614.0625,5,1.1875,1
poi,2.0RC1,org.apache.poi.util.POILogger,26,1,3,9,42,325,8,1,22,1.04,693,0,0,0,0.544871795,0,0,25.46153846,10,1.9615,1
poi,2.0RC1,org.apache.poi.hpsf.PropertySetFactory,2,1,0,6,8,1,0,6,2,2,28,0,0,0,0.5,0,0,13,1,0.5,1
poi,2.0RC1,org.apache.poi.poifs.storage.SmallBlockTableWriter,6,1,0,7,22,3,1,6,6,0.75,111,1,2,0,0.333333333,0,0,16.83333333,1,0.8333,1
poi,2.0RC1,org.apache.poi.hssf.record.formula.GreaterThanPtg,10,2,0,4,14,45,2,2,10,1.111111111,67,0.333333333,0,0.272727273,0.32,0,0,5.4,1,0.8,1
poi,2.0RC1,org.apache.poi.hpsf.Section,12,1,0,7,30,48,2,5,9,0.818181818,322,1,2,0,0.5,0,0,25.25,4,1.4167,1
poi,2.0RC1,org.apache.poi.hssf.dev.EFHSSF,6,1,0,17,45,5,1,17,6,0.55,247,0,2,0,0.375,0,0,39.5,10,2.6667,1
poi,2.0RC1,org.apache.poi.hssf.record.BOFRecord,22,2,0,8,35,169,5,3,20,0.946778711,316,0.352941176,0,0.366666667,0.443181818,1,6,12.59090909,2,0.9091,1
poi,2.0RC1,org.apache.poi.util.CommonsLogger,5,2,0,3,20,0,0,3,4,0.5,138,1,0,0.888888889,0.5,1,1,26.2,12,4.8,1
poi,2.0RC1,org.apache.poi.hpsf.SummaryInformation,19,3,0,4,29,171,1,3,19,1.055555556,128,0,0,0.581395349,0.526315789,0,0,5.684210526,1,0.9474,1
poi,2.0RC1,org.apache.poi.hssf.model.Workbook,84,1,0,87,269,2582,45,43,46,0.907321594,3213,1,4,0,0.168674699,0,0,37.0952381,19,1.9286,1
poi,2.0RC1,org.apache.poi.hssf.record.formula.LessThanPtg,10,2,0,4,14,45,2,2,10,1.111111111,67,0.333333333,0,0.272727273,0.32,0,0,5.4,1,0.8,1
poi,2.0RC1,org.apache.poi.util.NullLogger,23,2,0,2,24,253,1,1,23,2,49,0,0,0.52173913,0.669565217,1,2,1.130434783,1,0.9565,1
poi,2.0RC1,org.apache.poi.hpsf.PropertySet,22,1,1,14,56,197,4,10,16,0.813852814,378,0.545454545,1,0,0.369047619,0,0,15.68181818,4,1.0455,1
poi,2.0RC1,org.apache.poi.hssf.record.aggregates.ValueRecordsAggregate,14,2,0,8,34,41,1,7,12,0.711538462,225,0,0,0.458333333,0.285714286,1,5,14.78571429,9,2,1
poi,2.0RC1,org.apache.poi.hssf.record.PaletteRecord,13,2,0,8,32,52,4,4,11,0.933333333,1216,0.4,0,0.55,0.415384615,1,6,92.15384615,4,1.3846,1
poi,2.0RC1,org.apache.poi.hssf.dev.EFBiffViewer,4,1,0,6,16,4,1,6,4,0.333333333,82,0,0,0,0.416666667,0,0,19.25,3,1.25,1
poi,2.0RC1,org.apache.poi.util.HexDump,13,1,0,41,35,60,41,0,8,0.333333333,618,0.666666667,0,0,0.212962963,0,0,46.30769231,10,1.8462,1
poi,2.0RC1,org.apache.poi.poifs.storage.BlockAllocationTableWriter,8,1,0,7,17,0,2,5,7,0.571428571,134,1,2,0,0.458333333,0,0,15.375,3,1.375,1
poi,2.0RC1,org.apache.poi.poifs.filesystem.POIFSDocumentPath,9,1,0,10,20,0,10,0,9,0.25,294,1,0,0,0.311111111,1,1,31.44444444,7,1.8889,1
poi,2.0RC1,org.apache.poi.hssf.record.formula.Ptg,12,1,16,46,56,60,25,35,12,1,415,0.25,0,0,0.283333333,0,0,33.25,4,1.1667,1
poi,2.0RC1,org.apache.poi.hssf.eventusermodel.AbortableHSSFListener,3,1,0,4,4,3,1,3,3,2,7,0,0,0,0.833333333,0,0,1.333333333,1,0.6667,1
poi,2.0RC1,org.apache.poi.hssf.usermodel.HSSFName,7,1,0,4,22,0,1,3,5,0.166666667,88,1,2,0,0.428571429,0,0,11.28571429,2,1,1
poi,2.0RC1,org.apache.poi.hssf.record.formula.Area3DPtg,34,2,0,10,60,187,4,7,34,0.747474747,728,0.888888889,2,0.184210526,0.198529412,2,3,20.14705882,8,1.4118,1
poi,2.0RC1,org.apache.poi.hssf.record.CodepageRecord,11,2,0,5,21,49,2,3,9,0.933333333,107,0.333333333,0,0.578947368,0.522727273,1,6,8.454545455,2,0.8182,1
poi,2.0RC1,org.apache.poi.hssf.usermodel.HSSFRow,24,1,0,8,51,86,3,5,16,0.673913043,447,0.833333333,3,0,0.183333333,0,0,17.375,5,1.7083,1
poi,2.0RC1,org.apache.poi.hssf.usermodel.HSSFWorkbook,53,1,0,32,172,106,2,30,44,0.877622378,1743,0.727272727,4,0,0.146449704,0,0,31.67924528,32,2.0943,1
poi,2.0RC1,org.apache.poi.hssf.record.ExtendedFormatRecord,96,2,0,9,117,3214,5,4,93,0.981194559,1478,0.483146067,34,0.106796117,0.313684211,1,6,13.46875,3,0.9896,1
poi,2.0RC1,org.apache.poi.hssf.model.Sheet,108,1,0,60,341,4268,5,55,75,0.93564753,3365,0.714285714,16,0,0.078971963,0,0,29.83333333,34,2.0556,1
poi,2.0RC1,org.apache.poi.hssf.usermodel.HSSFFont,20,1,0,4,39,0,3,1,19,0.978947368,140,0.133333333,1,0,0.258333333,0,0,5.25,1,0.95,1
poi,2.0RC1,org.apache.poi.hssf.usermodel.HSSFDateUtil,11,1,0,2,26,53,1,2,6,1.033333333,226,1,0,0,0.157142857,0,0,19.27272727,24,3.6364,1
poi,2.0RC1,org.apache.poi.hssf.record.SSTDeserializer,23,1,0,5,46,123,1,4,4,0.659090909,668,1,1,0,0.267080745,0,0,27.60869565,8,2.3043,0
poi,2.0RC1,org.apache.poi.hssf.record.BottomMarginRecord,12,2,0,6,23,46,2,4,10,0.818181818,122,0.5,0,0.55,0.4,1,6,9,2,0.8333,0
poi,2.0RC1,org.apache.poi.hssf.record.MergeCellsRecord,15,2,0,6,35,41,3,4,13,0.69047619,363,0.666666667,0,0.47826087,0.516666667,1,6,23,2,1.1333,0
poi,2.0RC1,org.apache.poi.hssf.record.WindowProtectRecord,11,2,0,5,21,43,2,3,9,0.85,117,0.5,0,0.578947368,0.418181818,1,6,9.454545455,2,1,0
poi,2.0RC1,org.apache.poi.hssf.record.formula.ConcatPtg,9,2,0,4,13,36,2,2,9,1.125,60,0.333333333,0,0.3,0.333333333,0,0,5.333333333,1,0.7778,0
poi,2.0RC1,org.apache.poi.hssf.record.DataFormatRecord,20,2,0,6,37,88,1,5,18,0.763157895,348,0.833333333,1,0.392857143,0.36,1,6,16.1,2,0.9,0
poi,2.0RC1,org.apache.poi.hssf.record.ExternSheetRecord,14,2,0,6,33,65,2,4,12,0.743589744,229,0.666666667,0,0.5,0.4,1,6,15.14285714,2,1.0714,0
poi,2.0RC1,org.apache.poi.hssf.util.RangeAddress,30,1,0,3,53,331,3,0,24,0.873563218,767,0,0,0,0.391666667,0,0,24.36666667,6,2.6333,0
poi,2.0RC1,org.apache.poi.hssf.record.MulBlankRecord,14,2,0,6,25,77,3,3,11,0.861538462,212,0.8,0,0.5,0.517857143,1,5,13.78571429,2,1,0
poi,2.0RC1,org.apache.poi.hssf.record.PrintGridlinesRecord,12,2,0,6,22,46,3,3,10,0.818181818,128,0.5,0,0.55,0.4,1,6,9.5,2,1,0
poi,2.0RC1,org.apache.poi.poifs.property.Parent,4,1,0,3,4,6,1,2,4,2,4,0,0,0,0.583333333,0,0,0,1,1,0
poi,2.0RC1,org.apache.poi.hssf.record.LabelRecord,23,2,0,7,37,219,2,5,21,0.850649351,345,0.857142857,0,0.35483871,0.347826087,1,5,13.69565217,6,1.5652,0
poi,2.0RC1,org.apache.poi.hssf.record.FooterRecord,14,2,0,8,26,69,4,4,12,0.743589744,187,0.666666667,0,0.5,0.321428571,1,6,12.14285714,3,1.1429,0
poi,2.0RC1,org.apache.poi.hssf.record.CustomField,4,1,0,1,4,6,1,0,4,2,4,0,0,0,0.5,0,0,0,1,1,0
poi,2.0RC1,org.apache.poi.hssf.usermodel.HSSFErrorConstants,0,1,0,0,0,0,0,0,0,2,7,0,0,0,0,0,0,0,0,0,0
poi,2.0RC1,org.apache.poi.hssf.record.SCLRecord,14,2,0,7,26,57,3,4,12,0.769230769,195,0.666666667,0,0.5,0.482142857,1,6,12.71428571,2,0.8571,0
poi,2.0RC1,org.apache.poi.hssf.record.NumberRecord,25,2,0,11,41,258,7,4,23,0.758333333,389,0.8,0,0.333333333,0.257142857,1,6,14.36,7,1.76,0
poi,2.0RC1,org.apache.poi.hssf.eventmodel.ERFListener,1,1,0,4,1,0,3,1,1,2,1,0,0,0,1,0,0,0,1,1,0
poi,2.0RC1,org.apache.poi.hssf.dev.EFHSSFListener,2,1,0,3,4,0,1,3,2,0,14,0,1,0,0.666666667,0,0,5.5,1,0.5,0
poi,2.0RC1,org.apache.poi.hssf.record.formula.MultiplyPtg,11,2,0,4,16,55,2,3,11,1.1,96,0.333333333,0,0.25,0.272727273,0,0,7.454545455,1,0.8182,0
poi,2.0RC1,org.apache.poi.hssf.record.MulRKRecord,15,2,0,8,34,87,3,5,12,0.871428571,230,0.8,0,0.47826087,0.516666667,1,5,14,2,1,0
poi,2.0RC1,org.apache.poi.hssf.record.ExtSSTRecord,17,2,0,8,41,66,4,4,15,0.85,319,0.4,0,0.44,0.31372549,1,6,17.47058824,3,1.2353,0
poi,2.0RC1,org.apache.poi.hssf.record.BlankRecord,23,2,0,9,36,221,5,4,21,0.727272727,350,0.75,0,0.35483871,0.304347826,1,6,14.04347826,7,1.8261,0
poi,2.0RC1,org.apache.poi.hssf.record.AxisRecord,20,2,0,5,35,114,1,4,18,0.877192982,360,0.555555556,0,0.392857143,0.45,1,6,16.55,2,0.9,0
poi,2.0RC1,org.apache.poi.hssf.record.ExtSSTInfoSubRecord,13,2,0,3,24,64,1,2,11,0.883333333,143,0.6,0,0.523809524,0.5,1,6,9.615384615,1,0.7692,0
poi,2.0RC1,org.apache.poi.poifs.property.Child,4,1,0,3,4,6,3,0,4,2,4,0,0,0,0.75,0,0,0,1,1,0
poi,2.0RC1,org.apache.poi.hssf.record.LeftMarginRecord,12,2,0,6,23,46,2,4,10,0.818181818,122,0.5,0,0.55,0.4,1,6,9,2,0.8333,0
poi,2.0RC1,org.apache.poi.hssf.record.RecordFormatException,1,4,0,124,2,0,124,0,1,2,5,0,0,1,1,0,0,4,0,0,0
poi,2.0RC1,org.apache.poi.hssf.record.formula.ExpPtg,7,2,0,3,10,9,2,2,7,0.944444444,69,0.666666667,0,0.583333333,0.428571429,1,2,8.428571429,2,1,0
poi,2.0RC1,org.apache.poi.hssf.record.RkRec,1,1,0,1,2,0,1,0,0,2,6,0,0,0,1,0,0,3,0,0,0
poi,2.0RC1,org.apache.poi.hssf.record.aggregates.RowRecordsAggregate,14,2,0,3,30,35,1,2,12,0.673076923,173,0,0,0.458333333,0.328571429,1,5,11.07142857,5,1.3571,0
poi,2.0RC1,org.apache.poi.hssf.record.formula.StringPtg,9,2,0,5,22,2,2,4,8,0.666666667,202,0.166666667,1,0.538461538,0.333333333,1,2,20.77777778,2,0.8889,0
poi,2.0RC1,org.apache.poi.util.IOUtils,3,1,0,3,5,3,3,0,2,2,43,0,0,0,0.5,0,0,13.33333333,1,0.6667,0
poi,2.0RC1,org.apache.poi.poifs.storage.RawDataBlock,3,1,0,7,10,0,5,2,3,0.25,78,1,0,0,0.666666667,0,0,24.33333333,1,0.6667,0
